JobTitle,URL,Company,Location,Description,Date,Salary,DateScraped
,https://indeed.com/rc/clk?jk=baff85ef38b78a55&fccid=fe2d21eef233e94a&vjs=3,"Amazon Dev Center U.S., Inc.",New York NY,"Experience being part of a team that implements Agile software engineering practices.
2+ years of professional experience contributing to system designs and…",6 days ago,Unknown,2021-06-18 01:10:35.044340
,https://indeed.com/company/Consumer-Reports/jobs/Software-Engineer-870432e4e52a4413?fccid=adea62ae96d0c2c1&vjs=3,Consumer Reports,Yonkers NY ,"Collaborate with other software engineers, and teams ( Devops, Infosec, Product, QA etc ) to implement quality software solutions.",6 days ago,Unknown,2021-06-18 01:10:35.044340
Systems Software Engineer,https://indeed.com/rc/clk?jk=c185cbac6872d96e&fccid=fe2d21eef233e94a&vjs=3,"Amazon Web Services, Inc.",New York NY,"Knowledge of professional software engineering practices & best practices for the full software development life cycle, including coding standards, code reviews…",30+ days ago,Unknown,2021-06-18 01:10:35.045337
Software Engineer - Post Execution Synthetics,https://indeed.com/rc/clk?jk=49b4a7a9f0ee0872&fccid=16a97ed26c75bf2d&vjs=3,Goldman Sachs,New York NY ,The SPG organization is part of a front to back alignment where engineers are embedded with the revenue generating part of the business.,22 days ago,Unknown,2021-06-18 01:10:35.045337
AreaX Software Engineer Lead,https://indeed.com/rc/clk?jk=2a7a9b4a97bef12c&fccid=aaf3b433897ea465&vjs=3,"JPMorgan Chase Bank, N.A.",New York NY,"Expertise in least one modern language: java, javascript, typescript, python.
AreaX, is charged with taking a concept to working prototype within six to 12…",12 days ago,Unknown,2021-06-18 01:10:35.046334
Front End Engineer,https://indeed.com/rc/clk?jk=e378a54c508d6898&fccid=fe2d21eef233e94a&vjs=3,Amazon.com Services LLC,New York NY,Experience with using and applying the appropriate programming paradigms (e.g. object-oriented and/or functional programming) and front-end software design…,30+ days ago,Unknown,2021-06-18 01:10:35.046334
Software Engineer,https://indeed.com/rc/clk?jk=9457899372b10a5a&fccid=83a28da9948d5899&vjs=3,The Topps Company,New York NY ,"Topps is seeking a product-minded software engineer to build quality iOS and Android apps around our big properties such as MLB, WWE, Star Wars, Marvel and…",30+ days ago,Unknown,2021-06-18 01:10:35.047332
Machine Learning Engineer,https://indeed.com/pagead/clk?mo=r&ad=-6NYlbfkN0CpzDdaQkua3np5pkmj49lKioZwmwxQ-yx5plwbYmV_MxR_KhF2xXQML5mIZuvJX4uk2H0SsvPI2DC4uumjR9i4F6AWgIsURjp9FqUOyUOi96vRpkfR2f0jt4OjqdNCiPisY6_jECNv3BzKij9uTJLebbvyYdLH9Mo5JnFfOf2gDcrrTYPm1eJDE36FspS33W_NGUZ61pZA-DHqCntO2WifB_KZ4AgHo_JkGA-BAjzurUbRAn8nvSmrz4Z5_Ue0fBkCZVp7cgBi7ZXW0UBCdtMReSxmIXqkReTxVvwJA40xpq9STjcqC21fsrK4A4J4P4TmGEyHdewR1F25AIBnGIST0xT4W8KhWz7-A4oyXMulkV5q7hdfuGlbr_IUw2-CVk2Pd7C2U1jcde-LEFvjti56mM65Xmkwb_UCRHezRICDEd-JwSsPGR4JQER6-OJ-O-xZ79BCih37B-dZay3fSRehwXBoK4v7wRnn0C0zOGNSreFwTo-stZNqCXdnqff7omfvSyQY74VbHtaChsIKAO8XXds-6uxENJGriiAXTOYWw__B3mNfTb5a&p=7&fvj=0&vjs=3,Robert Half,New York NY ,"Robert Half Technology matches IT professionals with remote or on-site jobs on a temporary, project or full-time basis.
2+ years working experience preferred.",21 days ago,"$85,000 - $100,000 a year",2021-06-18 01:10:35.048330
Production Systems Software Engineer,https://indeed.com/rc/clk?jk=69ff605d6aea8d8a&fccid=1b50fcfb150b1b48&vjs=3,The New York Times,New York NY,"5+ years of software engineering experience with front-end development experience.
Experience building applications on a major cloud provider (AWS or GCP).",14 days ago,Unknown,2021-06-18 01:10:35.048330
Software Development Engineer II - Knowledge Tech,https://indeed.com/rc/clk?jk=62a6845264324a31&fccid=fe2d21eef233e94a&vjs=3,Amazon.com Services LLC,New York NY,"Knowledge of professional software engineering practices & best practices for the full software development life cycle, including coding standards, code reviews…",29 days ago,Unknown,2021-06-18 01:10:35.048330
Full Stack Engineer (Pre-Visit),https://indeed.com/rc/clk?jk=8790047988e5c896&fccid=674ea8c64db67a21&vjs=3,Cedar Inc,New York NY,"At least 2 years of professional software development experience.
Competitive pay, employer-paid healthcare, stock options.",30+ days ago,Unknown,2021-06-18 01:10:35.049330
,https://indeed.com/rc/clk?jk=d9303599b3b6e01b&fccid=a2a22e0f7187af21&vjs=3,Hungryroot,New York NY,"The ideal candidate is obsessed with delivering the best possible customer experience, values software engineering best practices, and knows how to make the…",3 days ago,Unknown,2021-06-18 01:10:35.050327
,https://indeed.com/rc/clk?jk=d94128f1b8612c6b&fccid=a4e4e2eaf26690c9&vjs=3,Accenture,New York NY,"To accelerate our customers transformation leveraging cloud, we combine world-class learning and talent development expertise; deep experience in cloud change…",6 days ago,Unknown,2021-06-18 01:10:35.050327
Software Engineer,https://indeed.com/rc/clk?jk=9754aad849922063&fccid=1230acb7e56c6df5&vjs=3,Gannett,New York NY,"Knowledge of dynamic languages for server-side programming: Ruby, JavaScript,.
Experience with git source control and Github.
Amazon AWS and Google Cloud.",30+ days ago,Unknown,2021-06-18 01:10:35.051324
Software Engineer - VMware,https://indeed.com/rc/clk?jk=7a2b6445d2cbfca9&fccid=5bd99dfa21c8a490&vjs=3,Bank of America,Jersey City NJ ,Required Skills:3-5 years of production experience with cloud and virtualization design and solutionsExtensive code/workflow development experience working with…,30+ days ago,Unknown,2021-06-18 01:10:35.051324
"Equity Technology, Software Engineer",https://indeed.com/rc/clk?jk=d56057bc5d1cae60&fccid=3187d6d05b329ebf&vjs=3,Balyasny,New York NY,"4+ years of professional software development experience.
Deep expertise in an object-oriented programming language such C# (preferred) or Java.",30+ days ago,Unknown,2021-06-18 01:10:35.595266
Software Engineer II,https://indeed.com/rc/clk?jk=83ebb121dd92a1f4&fccid=25b5166547bbf543&vjs=3,AT&T,New York NY,"You will act as lead software engineer - mentoring junior software engineers, developing and maintaining software for automation.",30+ days ago,Unknown,2021-06-18 01:10:35.596268
"Forward Deployed Software Engineer, Destinations",https://indeed.com/rc/clk?jk=aa9abc59cca73ae5&fccid=255a9ede46e025c0&vjs=3,The Commons Project,New York NY,"Combination of software development and SI experience.
Delivering high quality software in-line with product and business requirements.",30+ days ago,Unknown,2021-06-18 01:10:35.597267
Software Engineer - Platform,https://indeed.com/company/TrialSpark/jobs/Software-Engineer-1e2b812fc7c0bd4f?fccid=eaa040822963f53b&vjs=3,TrialSpark,New York NY,You will collaborate with an impressive team of systems-oriented engineers to build and deploy systems that underpin our clinical trial platform.,13 days ago,Unknown,2021-06-18 01:10:35.598261
Full Stack/Frontend Engineer - SageMaker Studio,https://indeed.com/rc/clk?jk=8457670a7afac267&fccid=fe2d21eef233e94a&vjs=3,Amazon.com Services LLC,New York NY,"Knowledge of professional software engineering practices & best practices for the full software development life cycle, including coding standards, code reviews…",30 days ago,Unknown,2021-06-18 01:10:35.598261
Software Engineer - Digital Assets,https://indeed.com/rc/clk?jk=73be936e0ce023bb&fccid=16a97ed26c75bf2d&vjs=3,Goldman Sachs,New York NY ,"Strong proficiency in smart contract programming using Solidity, Java, Go, Rust, etc., design blockchain and DeFi applications with performance, resiliency,…",30+ days ago,Unknown,2021-06-18 01:10:35.599258
Full Stack Developer,https://indeed.com/rc/clk?jk=d0613b4e5ae6d9df&fccid=430cffbf1c607717&vjs=3,MassMutual,New York NY ,"Experience with traditional object-oriented languages (e.g. Java, Python, C++).
Experience and familiarity with financial services or other mathematically…",30+ days ago,Unknown,2021-06-18 01:10:35.600256
,https://indeed.com/rc/clk?jk=f2766e7c9717c87e&fccid=3e34ac4ae73849ba&vjs=3,Medidata Solutions,New York NY ,"Experience with cloud technology such as AWS, docker, kubernete and/or others.
Help the team build meaningful test data sets based upon real-world production…",2 days ago,Unknown,2021-06-18 01:10:35.601253
Software Engineer (Risk),https://indeed.com/rc/clk?jk=3f137b8ff26d04de&fccid=328f17e52aff4d8d&vjs=3,Lukka,New York NY ,We constantly strive to improve our processes and have automated some of the control checks to be proactively alerted for any non-compliance.,23 days ago,Unknown,2021-06-18 01:10:35.601253
Machine Learning Engineer,https://indeed.com/rc/clk?jk=1d40163028f1f101&fccid=fe2d21eef233e94a&vjs=3,"Amazon Web Services, Inc.",New York NY,"The ideal candidate is an experienced and highly-independent software engineer, who is comfortable working on cross-functional teams.",30+ days ago,Unknown,2021-06-18 01:10:35.602250
Machine Learning Engineer,https://indeed.com/rc/clk?jk=df79628e833f53be&fccid=4d17dd64ea6355de&vjs=3,Analytic Partners,New York NY ,"The team is comprised of motivated full-stack machine learning engineers and covers from backend solution design, modeling, to frontend development.",30+ days ago,Unknown,2021-06-18 01:10:35.603248
Fullstack Software Engineer,https://indeed.com/rc/clk?jk=36482b385cea53a3&fccid=c853f7a628ce4b9a&vjs=3,K Health,New York NY ,"4+ years of software engineering experience building web/backend systems.
Experienced in designing and developing services using Python, NodeJS, React or…",Active 5 days ago,Unknown,2021-06-18 01:10:35.604245
Software Engineer,https://indeed.com/pagead/clk?mo=r&ad=-6NYlbfkN0D6OzZjpD_hbicRkMZwNNvvxSeL23iIfvaC4EytleQ8zNLg88ysmJxqj6Sx0aTMZaOaQ62wqhYBBfednm6FE0p_r9NDIU7fO-BX0J2qPDLVkJEyFd2sKzkIOBwt-3WUC4wZtt93rEhMmv3Ic50tuwt-3HcOLg8FtH5tP4cWmdl0d1eMVu7tZFJFkkZbc3e6W7QIhL6TuLQtVU-9K7BunZKSIuGLifZ7IEB1ammq7Fk_uTDjjdr1WgwXiFlFJp2pm8_0MjU3F3tMGbGVX6UbwC3-ird9DzsHznpTNbjA91IGQ6KFz4OVeZi7XUEc7RpIYneqDskoex4X_b9r-QCo2uZkm1xS4wyI7G5tyLeGy2995l7LRcCrcdS5LxkxqKZKA5aiMBmQUrDL5kjc5O-dVewOmnaIPwFgd8gdMXSoxgfbXFcB4av5uNL6VJb8gQKV2pKenhpGih9ren61buvgquq-5IZB8D1FqLVV9obCQfwj8aCQLkkyAxW9&p=12&fvj=1&vjs=3,Entegee,Saddle River NJ,"Familiarity with software engineering tools and practices like source control, unit testing, build automation, and continuous integration.",Active 7 days ago,"$100,000 - $130,000 a year",2021-06-18 01:10:35.605242
AWS Software Development Engineer - Location Negotiable / Remote,https://indeed.com/rc/clk?jk=b80cc611cc74b6c2&fccid=a4e4e2eaf26690c9&vjs=3,Accenture,New York NY,"Minimum 5 years coding knowledge and experience with java and object oriented methodologies.
Successfully developed for large scale distributed systems and…",30+ days ago,Unknown,2021-06-18 01:10:35.605242
C# Engineer - Accounting Technology,https://indeed.com/rc/clk?jk=5deee54d4bcf8c79&fccid=3187d6d05b329ebf&vjs=3,Balyasny,New York NY,"A strong desire to learn and gain exposure to the business side is critical to success in this position.
Strong experience in multi-threaded programming and…",30+ days ago,Unknown,2021-06-18 01:10:35.606239
C++ Dev (Application Development),https://indeed.com/rc/clk?jk=53b9e9da13ea3473&fccid=0c39fb2c91742dcf&vjs=3,Morgan Stanley,New York NY,"Familiarity with full life-cycle software development in a team environment.
Strong technical background in software development.",10 days ago,Unknown,2021-06-18 01:10:36.162258
Full Stack Software Engineer,https://indeed.com/rc/clk?jk=98da528eff61fb52&fccid=cc399cba47ef9a2a&vjs=3,SeedInvest,New York NY ,"2 or more years of experience with software engineering.
A deep passion for startups and entrepreneurship.
Work closely with SeedInvest's founders and business…",30+ days ago,Unknown,2021-06-18 01:10:36.163258
Full Stack Software Engineer,https://indeed.com/rc/clk?jk=01ad9cd4e865785c&fccid=8844f3447ed4e2d6&vjs=3,Simons Foundation,New York NY ,"Experience with React or similar JS libraries or frameworks.
Prior experience with AWS or similar web technologies.
Review code produced by other developers.",30+ days ago,Unknown,2021-06-18 01:10:36.164292
Staff Software Engineer (ML platform),https://indeed.com/rc/clk?jk=99d1bfadfa5abee7&fccid=12e41f7040f168e8&vjs=3,"Grubhub Holdings, Inc.",New York NY ,"6+ years of software engineering experience focusing on tools for machine learning infrastructure, including expert proficiency with both Python as well as Java…",8 days ago,Unknown,2021-06-18 01:10:36.164292
MACHINE LEARNING ENGINEER,https://indeed.com/rc/clk?jk=1fe19b889abf52cd&fccid=113aaa3832064b31&vjs=3,Hudson's Bay,New York NY,"Partner with data engineering to architect scalable, production-ready infrastructure that supports continuous learning.
YOU’LL STAND OUT IF YOU HAVE.",10 days ago,Unknown,2021-06-18 01:10:36.165292
Backend Software Engineer (mid-level),https://indeed.com/rc/clk?jk=8fb70d6911c4c2ae&fccid=c4eb2c7419809f9c&vjs=3,Axomic,New York NY ,"Confident with Git version control and code reviews.
Take a central role in the creation of software services from the design phase through to production.",30+ days ago,Unknown,2021-06-18 01:10:36.166285
,https://indeed.com/rc/clk?jk=039dc55f32af6c39&fccid=aaf3b433897ea465&vjs=3,"JPMorgan Chase Bank, N.A.",New York NY,"Understanding of software skills such as business analysis, development, maintenance and software improvement.
BS/BA degree or equivalent experience.",5 days ago,Unknown,2021-06-18 01:10:36.167285
,https://indeed.com/rc/clk?jk=758fbd7dd90de8d8&fccid=399557ec2392f1f7&vjs=3,JND Inc.,Berkeley Heights NJ,"Responsible for the verification and validation of latest test devices and software applications.
Prepare test reports on readiness of software after analysis…",Active 3 days ago,Unknown,2021-06-18 01:10:36.167285
Software Engineer - Core Platform,https://indeed.com/rc/clk?jk=b17983cf71149fbd&fccid=2559645015f8b2eb&vjs=3,Twistle,New York NY,"Our vision is to make sure every patient feels connected, supported and reassured through their care journey.
Experience with cloud based infrastructure (we use…",29 days ago,Unknown,2021-06-18 01:10:36.168280
Software Engineer (multiple openings),https://indeed.com/rc/clk?jk=d4fecdea58f43e4e&fccid=b178e679a50cdd59&vjs=3,Truveris,New York NY,"Strong expertise in using modern python frameworks.
Collaborate with other engineers to review code and participate in pair-programming.",30+ days ago,Unknown,2021-06-18 01:10:36.169277
Backend Software Engineer,https://indeed.com/rc/clk?jk=613a4a15b4fad0b0&fccid=9c271f641a19f673&vjs=3,Prescriptive Data,New York NY,"Solid software design knowledge – you should know how to create extensible, reusable software that meets desired architectural objectives.",30+ days ago,Unknown,2021-06-18 01:10:37.293929
Software Engineer - Full Stack,https://indeed.com/rc/clk?jk=ec327e66eced0d71&fccid=bfddf8d4b5f9bdf6&vjs=3,The Street.com,New York NY ,"Participate in all phases of the software development cycle.
You should thrive in a fast-paced environment and be able to work well with a variety of…",30+ days ago,Unknown,2021-06-18 01:10:37.294909
Software Engineer - Prime Services Risk Technology,https://indeed.com/rc/clk?jk=4a005771b0574c31&fccid=16a97ed26c75bf2d&vjs=3,Goldman Sachs,New York NY ,"Join our engineering teams that build massively scalable software and systems, architect low latency infrastructure solutions, proactively guard against cyber…",13 days ago,Unknown,2021-06-18 01:10:37.294909
Machine Learning Engineer,https://indeed.com/rc/clk?jk=d4ae71390daa6723&fccid=bf8d0f5b45d49fcf&vjs=3,VISITING NURSE SERVICE OF NEW YORK,Manhattan NY,"Experience with cloud computing (e.g. AWS) and columnar databases (e.g. Redshift) in a cloud environment.
Experience with version control, shell scripting, and…",22 days ago,Unknown,2021-06-18 01:10:37.295907
,https://indeed.com/rc/clk?jk=897970b83b9f7e10&fccid=df30a08564cdd12e&vjs=3,Simon & Schuster,New York NY ,"3-5 years professional experience working with Ruby on Rails or equivalent experience in object oriented languages such as Java, Python, C# or PHP and…",6 days ago,Unknown,2021-06-18 01:10:37.296903
,https://indeed.com/rc/clk?jk=4901aab634432947&fccid=3ba25d71da51335d&vjs=3,Kaiyo,New York NY,"A seasoned software engineer with at least 5 years professional experience, preferably including experience at an early stage company.",Today,Unknown,2021-06-18 01:10:37.296903
"Assistant Director, Application Development, MWBE",https://indeed.com/rc/clk?jk=8524222a81fc20f4&fccid=4bfd7c7081288512&vjs=3,"Empire State Development, NYS",New York NY ,"Relevant experience required: Minimum of 5 years extensive experience in a related field.
Net, Java, Python, PHP, JavaScript (JQuery Angular), HTML 5, Mobile…",8 days ago,"$94,000 - $104,000 a year",2021-06-18 01:10:37.297901
Client Solutions Engineer (API/SDK),https://indeed.com/company/Foursquare/jobs/Client-Solution-Engineer-8521c67d677fc3c8?fccid=f65aedcd2de292bf&vjs=3,Foursquare,New York NY,"2-3 years experience in Solutions Architecture, Sales Engineering, Developer Evangelist or similar client-facing technical roles.
401(k) with company match.",21 days ago,Unknown,2021-06-18 01:10:37.297901
,https://indeed.com/company/SkyWalkGlobalServices/jobs/Back-End-Java-Developer-2216c54decd49a13?fccid=9383209891905cf1&vjs=3,SkyWalkGlobalServices,New York NY,"Strong troubleshooting skills (client and server side).
BS in CS (or equivalent) with 5+ years of software development experience.
Temporarily due to COVID-19.",Active 2 days ago,$70 - $80 an hour,2021-06-18 01:10:37.298900
Tableau Engineer,https://indeed.com/rc/clk?jk=58bd1d53c4d0e35a&fccid=b178e679a50cdd59&vjs=3,Truveris,New York NY,"Collaborate with other teams and/or engineers to review code and participate in pair-programming.
Strong experience working with PostgreSQL / SQL (e.g.,…",13 days ago,Unknown,2021-06-18 01:10:37.299895
Python Engineer,https://indeed.com/rc/clk?jk=02aa57266f1a0d50&fccid=548e0909717a6ddf&vjs=3,Millennium Management LLC,New York NY,"4+ years of experience in software development.
Design, build and refactor robust software applications with clean and concise code.",30+ days ago,Unknown,2021-06-18 01:10:37.796081
Full Stack Engineer,https://indeed.com/rc/clk?jk=fd2b969dbc8c1469&fccid=b812544c2237ac63&vjs=3,Madison Logic,New York NY ,In this role you are expected to upgrade and maintain both the back and frontend in addition to programming the various features of client-side and user-side…,27 days ago,Unknown,2021-06-18 01:10:37.797080
Software Engineer: Modeling Tools,https://indeed.com/rc/clk?jk=bd84d6d4bbd61aaf&fccid=facc18fe475dac15&vjs=3,"Two Sigma Investments, LLC.",New York NY,"At least 2 years of experience in a full-time software development field.
Back end development in Python, using cloud, microservices, and caching.",30+ days ago,Unknown,2021-06-18 01:10:37.797080
Android Software Engineer - Consumer Client API,https://indeed.com/rc/clk?jk=090c21c58fbc5751&fccid=7a3824693ee1074b&vjs=3,Twitter,New York NY,"Some experience working on a native Android application, so you can not only understand the complexities and requirements of client-side software engineers but…",30+ days ago,Unknown,2021-06-18 01:10:37.798075
,https://indeed.com/company/Ribbon/jobs/Devop-Engineer-Sre-26048a52047c977e?fccid=84ca36f16e65e927&vjs=3,Ribbon,New York NY ,Build scalable systems through mechanisms like automation; evolve systems by pushing for changes that improve reliability and velocity.,Today,"$95,382 - $194,151 a year",2021-06-18 01:10:37.799076
Front-End Engineer II,https://indeed.com/rc/clk?jk=fd885b4998038f4c&fccid=12e41f7040f168e8&vjs=3,"Grubhub Holdings, Inc.",New York NY ,"Strong familiarity of server-side web technologies such as Nodejs, Java, Python, etc.
Experience writing object-oriented code, especially in JavaScript.",30+ days ago,Unknown,2021-06-18 01:10:37.799076
Python API Engineer,https://indeed.com/rc/clk?jk=1db1d59922d05e95&fccid=d5b4e29f8024eca4&vjs=3,OpenSlate,New York NY ,"Experience building non-trivial, data-centric python applications and APIs in a Linux environment.
Supporting the software and systems you write and deploy in…",30+ days ago,Unknown,2021-06-18 01:10:37.800070
Software Engineer - C++ Order Execution,https://indeed.com/rc/clk?jk=b8becbd361c4c06b&fccid=548e0909717a6ddf&vjs=3,Millennium Management LLC,New York NY,"Millennium’s Fixed Income and Commodities Order Execution team is looking for a software developer who will be working on designing, implementing, and…",30+ days ago,Unknown,2021-06-18 01:10:37.801030
Software Development Engineer (Fullstack),https://indeed.com/rc/clk?jk=35a7228a5184c66c&fccid=7f8f32670248a0ed&vjs=3,4C Insights,New York NY ,"Work with other engineers, product mangers, designers and leadership to turn our vision into a concrete roadmap every quarter.",30+ days ago,Unknown,2021-06-18 01:10:37.802028
,https://indeed.com/rc/clk?jk=ee1588b52d06a0e1&fccid=aaf3b433897ea465&vjs=3,"JPMorgan Chase Bank, N.A.",Jersey City NJ,"Understanding of cloud, virtualization, APIs, and modern software languages.
Provide technical expertise throughout the software lifecycle including design,…",2 days ago,Unknown,2021-06-18 01:10:37.802028
Webmaster + Content Manager LOCAL TO EAST COAST (EST),https://indeed.com/company/GVC-PRN/jobs/Webmaster-Content-Manager-Local-East-Coast-83639290db2a8307?fccid=6ead7d0d712f794f&vjs=3,GVC PRN,New York NY ,"Hands-on experience with network diagnostics, traffic analytics tools, and SEO practices.
You will take lead of projects and wear multiple hats -- from Content…",Active 15 days ago,$25 - $35 an hour,2021-06-18 01:10:37.803062
"Software Engineer - Windows Endpoint - Opportunity for Working Remotely New York, NY",https://indeed.com/rc/clk?jk=f6ea07ba97c0fd10&fccid=c762a27145bd166e&vjs=3,VMware,New York NY,"Analyze, isolate and resolve problems in product software with little or no guidance.
BS degree or higher in Computer Engineering, Computer Science, or similar.",30+ days ago,Unknown,2021-06-18 01:10:38.351997
,https://indeed.com/pagead/clk?mo=r&ad=-6NYlbfkN0DSgjPPcnEdvoK3uuxfISLALE6pB1FR7YSHOr_tSg5_QKRYSnOT6R6UOXzcwA0IQuhlZYPxCGDvvEsVnpnpxuLSMNGU6TiYtJ5tqsDN32-CGzuBZpvWT4MWO5xcWtbP7uMayPtuRkY2oPGHVd4_YU9p9rkPpliFq0xBr0zAyU3iruaJieFm2qeTOEoH8xt_NUxHSWUCMBXbEfqMZBzh7F30BNiQVRIppqQFCwjIG0KRAKOFbmaWXbGdRUFQu15a49k8vpxxHD0NnRJT0I6VH8IdNxqCIhYqec3_wp-Oti0ga7NnxDSYGqmBBXq6VaKLDYOL8ZLaO7m59hqTXC2_yCYrnlhi_pzatnwkghtxDrmpP6hqrAPREs-VuURZ6057beinnWwX_Xak8ZxmznfTfF0HOAdzlxROjRr1NC0Llul4CmZ5mBlwhfywp9n1EmOde9WTn6M2JmUGsIajC_vcGbYNhd7iQWu7eLvxgJB5pHOXt7RYlPS5pmgw4cofsX89bXxUEWHSbR3NXW0Aky4tIOU1jBim-ZzhXInYq27ZEhCqeIC9V0nIQ7Il&p=3&fvj=0&vjs=3,Toyota Research Institute,New York NY,"The ideal candidate is a self sufficient engineer with 3+ years of relevant experience, strong C++ development skills, and extensive experience with python and…",Just posted,$70 - $80 an hour,2021-06-18 01:10:38.352993
,https://indeed.com/rc/clk?jk=68b4820544ba95d6&fccid=df30a08564cdd12e&vjs=3,Simon & Schuster,New York NY ,"3-5 years professional experience working with Ruby on Rails or equivalent experience in object oriented languages such as Java, Python, C# or PHP and…",6 days ago,Unknown,2021-06-18 01:10:38.353990
Dev Other (Application Development),https://indeed.com/rc/clk?jk=2f5585d1ab70d443&fccid=0c39fb2c91742dcf&vjs=3,Morgan Stanley,New York NY,"Our core platform component development focus means that our primary clients are not the teams and individuals operating on the financial side, but their end…",8 days ago,Unknown,2021-06-18 01:10:38.353990
Mobile Application Tester,https://indeed.com/company/infolob/jobs/Mobile-Application-Tester-67edb569f8706ac9?fccid=5b83264e35625d6c&vjs=3,infolob,New York NY,"In-depth understanding of software development lifecycles, QA methodologies, QA processes & release management.
Job Types: Full-time, Contract.",Active 14 days ago,$21 - $65 an hour,2021-06-18 01:10:38.354989
Full Stack Developer – AI,https://indeed.com/rc/clk?jk=eaf11fe4ae4a80d3&fccid=f8b728c0f6f4871e&vjs=3,The New School,New York NY ,"The Full Stack Developer (AI) will leverage their expert knowledge of artificial intelligence, machine learning, and application development to create…",30+ days ago,Unknown,2021-06-18 01:10:38.355985
Python Developer,https://indeed.com/pagead/clk?mo=r&ad=-6NYlbfkN0DS99tS4nqsASat5hSHxZiE-Itoj86SpKpMHaNFCfBCrmK5BmxrMVTrS1PncZAcoehxNWjupXE5HxUsDiTuXF8FWHiA8hHND747zeMG5TltS1f8GyFnNrMguAsRaWws_EJGmBywQdeStNNsHWhiQg5YUJgMZbRAz1H6O7bVZJ__aLUBR4xmq933k8OcJK0Yx_bE_c-wW9FTcWr95-wUSUXaLQOgf1bXZOP4vC3y6KBOsOqNAEWsOCrXSdgj51kqoAgo5qaa6ezTf8uX8TIdQO1RNjsmxJhRo_-f-s0_J6iweWU658bspCQH8mRkluFdXYt_Pj6EvS1LXYB1o0A5Yht6sIomrg3uJTNXhk5Opl40wrXtj-5JBU-4YaICfOj4lw3GGfBup4df9ENefa3l8lJ3_BKI-j3BksWBjZlHhqdo62qhOmKGiWM6jF14yLKPj52pVdpjMrhGJ5KVffQyI4GtiuRQ8OZtnTmqDQJBOiUpqg==&p=10&fvj=1&vjs=3,Precision Technologies Corp.,United States,"Solid understanding of software development principles and best practices.
2-4 years as a work experience as a Python Developer.",30+ days ago,"$66,000 - $71,831 a year",2021-06-18 01:10:38.355985
Fullstack Engineer,https://indeed.com/rc/clk?jk=760e7839b8a5ed73&fccid=8a2fab7a8b6807c6&vjs=3,Gallery Media Group,New York NY,"3-5 years experience in web based engineering ideally across devops, backend and frontend technologies.
Architect and develop highly-scalable applications and…",8 days ago,Unknown,2021-06-18 01:10:38.356986
"Software Engineer, Fullstack - Consumer Banking",https://indeed.com/rc/clk?jk=fecce9840be2d26a&fccid=c0222312b34b096a&vjs=3,Blend Labs,New York NY,"Proven industry experience as a software engineer (domain knowledge in enterprise software or home lending not required).
Meaningful equity and a 401(k) plan.",30+ days ago,Unknown,2021-06-18 01:10:38.357982
AWS DevOps Engineer,https://indeed.com/rc/clk?jk=7dec0be4c927e8c9&fccid=f15bfc513a14b84c&vjs=3,Hospital for Special Surgery,New York NY ,Cyber Security and Risk Management department is seeking a skilled DevOps Engineer with a strong cyber security background to join their Engineering and…,30+ days ago,Unknown,2021-06-18 01:10:39.399130
,https://indeed.com/company/Def-Method/jobs/Senior-Software-Engineer-943198294fd4e126?fccid=8705462b2e2930e5&vjs=3,Def Method,New York NY ,"\* Making software in small teams with active customer involvement.
\* Investment in learning: one month of professional development time for courses/conference…",Active 3 days ago,"$120,000 - $140,000 a year",2021-06-18 01:10:39.399130
Python Developer,https://indeed.com/company/Nava/jobs/Python-Developer-5b6a3c28ff481769?fccid=25e42098d7daadfb&vjs=3,Nava,New York NY,"Agile methodologies: 5 years (Preferred).
Working proficiency in a portion of software engineering disciplines and demonstrates understanding of overall…",Active 2 days ago,$43 - $55 an hour,2021-06-18 01:10:39.400122
"1353-Senior Software Engineer, New York, NY",https://indeed.com/company/Infoorigin-inc/jobs/Senior-Software-Engineer-a4beef798233e4cd?fccid=a6f1343d0f3bfab0&vjs=3,Infoorigin inc,New York NY,"We are looking for a senior software developer to lead the large scale software design, development, maintenance and support of investment services systems and…",Active 3 days ago,"$92,266 - $223,326 a year",2021-06-18 01:10:39.401121
Senior Software Engineer/ Front-End,https://indeed.com/company/And-Luxe-Inc./jobs/Senior-Software-Engineer-64cc60f519e5fe42?fccid=043edc2a1b9b7f78&vjs=3,And Luxe Inc.,New York NY ,"At times, contribute as a full-stack software engineer on an as needed or as desired basis.*.
Create and maintain analytics tooling.",Active 7 days ago,"$150,000 - $180,000 a year",2021-06-18 01:10:39.401121
,https://indeed.com/rc/clk?jk=26a3fa779cf87716&fccid=0c39fb2c91742dcf&vjs=3,Morgan Stanley,New York NY,"Websphere, RESTful WebServices, ExtJS 5.x, jQuery, Angular, Python.
Experience in the development of service oriented architecture application, good…",7 days ago,Unknown,2021-06-18 01:10:39.402117
,https://indeed.com/rc/clk?jk=65beda37919eff04&fccid=a4e4e2eaf26690c9&vjs=3,Accenture,New York NY,"Developing software solutions for real end users, in any of the following platforms: mobile, web, desktop or embedded.
Working on cross-functional teams.",7 days ago,Unknown,2021-06-18 01:10:39.402117
FIX Engineer,https://indeed.com/rc/clk?jk=6cc00e758082d3e9&fccid=e127f4594cdf24f4&vjs=3,Credit Suisse,New York NY,"User training, troubleshooting, development of support procedures, system testing, and implementation.
In this role you will analyze data processing problems…",30+ days ago,Unknown,2021-06-18 01:10:39.403114
,https://indeed.com/rc/clk?jk=8de68932562e7680&fccid=f042b91ff3f82696&vjs=3,Regeneron,New York NY,"Optimize RGC’s data on the Redshift platform to support highly performant APIs, visualization tools, and data analytics.",1 day ago,Unknown,2021-06-18 01:10:39.404111
,https://indeed.com/rc/clk?jk=8d2618cbeefce11d&fccid=aaf3b433897ea465&vjs=3,"JPMorgan Chase Bank, N.A.",New York NY,"Build applications based on cloud-native principles and deploy to cloud platforms.
Design and develop applications by gathering requirements from users.",1 day ago,Unknown,2021-06-18 01:10:39.404111
Cloud Engineer - AWS,https://indeed.com/company/Petabloc---Cloud-Consulting/jobs/Cloud-Engineer-34200564e4cd5daa?fccid=5701ce14c514db27&vjs=3,Petabloc - Cloud Consulting,New York NY,"Work with project managers to ensure business and development needs are met.
Proven experience with Terraform is required.
Proven experience with Amazon AWS.",Active 21 days ago,"$100,000 - $140,000 a year",2021-06-18 01:10:39.405110
Senior Software Engineer,https://indeed.com/rc/clk?jk=2fc4d0fcd957aa08&fccid=25b5166547bbf543&vjs=3,AT&T,New York NY,"Background or interest in mathematics, analytics, statistics, probability or machine learning.
Experience with stream-based passed processing models,…",30+ days ago,Unknown,2021-06-18 01:10:39.406106
Software Developer,https://indeed.com/rc/clk?jk=9715aa30152aae96&fccid=93452a77e3bbc0e9&vjs=3,II-VI Incorporated,Pine Brook NJ ,"The software developer will be a member of the Analytics group and will work in conjunction with the data scientists and engineers to design, build, deploy, and…",30+ days ago,Unknown,2021-06-18 01:10:39.406106
Application Developer,https://indeed.com/rc/clk?jk=3b72946e4b92788c&fccid=4d7e317a90a915fd&vjs=3,Voya Financial,New York NY ,"Involvement with implementation of longer-term project as well as smaller project tasks; ability to multi-task is critical.
NET MVC (4 or newer a plus).",30+ days ago,Unknown,2021-06-18 01:10:39.407104
Full-Stack Software Engineer,https://indeed.com/rc/clk?jk=b3c4c2b79873249e&fccid=8b952e9f83d63a4a&vjs=3,OpenSea,New York NY,"Prioritization of strategic decision making and long-term value creation, amidst a noisy industry.
2+ years experience with full-stack web development.",30+ days ago,Unknown,2021-06-18 01:10:40.000177
"Software Engineer II, Android",https://indeed.com/rc/clk?jk=85dbec216ed0d988&fccid=92b6ad9b1bd886b6&vjs=3,Turner,New York NY,"Paid time off every year to volunteer for eligible employees.
Proficiency with Java & Kotlin with a desire to continue learning the ins and outs of the language…",15 days ago,Unknown,2021-06-18 01:10:40.001175
,https://indeed.com/rc/clk?jk=33fe7691e14160c5&fccid=2450f074763f2a1a&vjs=3,SIMON Markets,New York NY ,"3-5 years of software engineering related experience, preferably within financial or wealth management technology.
Excellent written and verbal communication.",Just posted,Unknown,2021-06-18 01:10:40.002174
Software Development Engineer,https://indeed.com/rc/clk?jk=f8c70208f55e0295&fccid=d52b2cdfd4929b0a&vjs=3,Pixafy,New York NY ,"The developer works closely with the team to interpret and execute designs for eCommerce clients, while creating and maintaining common code libraries and…",23 days ago,Unknown,2021-06-18 01:10:40.003173
"Front End Developer, Ad Dev",https://indeed.com/rc/clk?jk=73207f44593f0367&fccid=b909eaba32633189&vjs=3,Dotdash,New York NY ,"Minimum of two+ years experience in a similar front-end role.
Integrate with a headless CMS, and create API endpoints for integration to other first- and third…",8 days ago,Unknown,2021-06-18 01:10:40.003173
Software Engineer (Golang),https://indeed.com/company/Cirrus-Data-Solutions-Inc./jobs/Software-Engineer-7a2e531c00d8dab8?fccid=11fb014981daf686&vjs=3,Cirrus Data Solutions Inc.,Syosset NY ,"2+ years of experience in software development.
Knowledge in SAN and cloud storage architecture.
Please describe your experience and knowledge on Go …",Active 4 days ago,"$80,000 - $125,000 a year",2021-06-18 01:10:40.004168
Backend Software Development Engineer II,https://indeed.com/rc/clk?jk=9acc8e2045483e62&fccid=3e9b269328805689&vjs=3,Audible,Newark NJ,"Experience building complex large scale software systems servicing millions of users.
Development in object-oriented design, big data and large scale…",30+ days ago,Unknown,2021-06-18 01:10:40.005166
,https://indeed.com/rc/clk?jk=43f857bc6bd23f6c&fccid=a5b4499d9e91a5c6&vjs=3,Google,New York NY ,"Partner with external design partners to output design direction, engineering colleagues on product roadmaps and technical design documents for execution and…",3 days ago,Unknown,2021-06-18 01:10:40.005166
Programmer I,https://indeed.com/rc/clk?jk=d11fd110fe7ca602&fccid=848e72c84ce4a7a7&vjs=3,NYU Langone,New York NY,"The individual must possess the core programming skills and be able to focus on, Python, R, HTML, CSS, SQL,.net, algorithm, c+, java, matlab, php.",19 days ago,Unknown,2021-06-18 01:10:40.006163
"Lead Software Engineer, User Systems",https://indeed.com/rc/clk?jk=f5de82c46210180d&fccid=1b50fcfb150b1b48&vjs=3,The New York Times,New York NY,"Ensure that our systems are highly available, scalable, secure, observable, operable, and performant so that we can support hundreds of millions of users in an…",30+ days ago,Unknown,2021-06-18 01:10:40.007161
"Agile Product Engineering, Professional, Software Engineer",https://indeed.com/pagead/clk?mo=r&ad=-6NYlbfkN0AG0rhuLL3cCu-aCJvk-Al_nvgarBmBw6LBqSVT3WE0uEX2V6ZZqg-tRDIMk7RnP2sGuQy2F-3W1e1B2XhPZ9q7rSgyy0S8KpKcV4ChMAtRrtWWjEcM9BfhLnqu0DMLNNYfINEYxaCaTrwKygHBq6jBtVJKP-HW4B8VX3Zu_tH9vYsPkmKTrT0mY_2mmXhAl9jwX04uPE_DDK9PmDI099wnu0FE_1eiCOgPhFyi4SqKWZmXy0MWYAK_3_e83YcpFM_VaKU-qnFUZSd0xMecRFk1sP24JQlzfPFnsitJjQYYVGwtStIIscqPjNFusfu995AtGTTj6LTLk557VqD6Eclmod6v1lNvOtZdsNFi_FCXXamu-GUsKy3M8LHTzrd5by_QMrseE8DVI35lufasAehhPKGCoYffc1LhTwsenq2EHwM2L6e7FD-qO9cMT-3nlB5c7wfrpxxvmQTiwcsajaY73LoiYArJzvYVbuS7FQSqwgdWtnyIg38hWnRROZEsp2vo86G55tQGnCKJiDEXm6YM64BXTr8hzPQ=&p=10&fvj=0&vjs=3,MVP Health Care,New York NY,"The engineer works with business and technology partners to deliver software solutions to support the business.
1+ years' experience in an Agile environment.",9 days ago,Unknown,2021-06-18 01:10:40.007161
,https://indeed.com/pagead/clk?mo=r&ad=-6NYlbfkN0BlBzpHhQGtwPyrid7WmDmbPu47Vp95PX7trHH40cZjYUzbZOnr8LRREd73lwQX-sKAbNGSBfvR3oe6rKFGBDpcr_JVIX4ZMYAKhHem1jt1xOKsiWmXNe2e4TiSso6qwiDqsDmxKA6T5486FBgmFFLiZ6HQa7prjzlg9nv_YF7M9FVok3xli-HBvX3Gs1TUUx_5KCbwFd9OMmUExXtDKISLv2yB4gT6mzhA90l-o-0TQwkxhu8-nvXRqhSd-wG0QhiPPOvjrAilSOIn67alZhkbKOf-sD66-b8G-1ylqX9Q1LQfp6bWFlwwENiDs16KWzHRx-04f9i5tHpMadKJkJUEmrzjeb1XGgr2xcljatj2RRo19zMo-h2fdJma--t96e5AMeLRjSblxUBdkuLCixRaIQbzKquVCTsVxskQtglCTa2PE05cQM1UksoPu-Y7gOhprQ5WnOIJNLV56RTly7aP-cqh_oGHaKJyt6RO0Tar7BtQ9Fi94y_W0iotRM327deO8iQZ5WZiTUe74QQKtDrmnpQkEzphbPLaHadGbefpbLuiAZUj-2gN5UyHrIM9t_g=&p=11&fvj=0&vjs=3,The Hartford,New York NY ,"Bachelors or Masters in Engineering or similar degree.
The teams supports industry leading monitoring/observability and logging framework for a large On-Prem…",Today,Unknown,2021-06-18 01:10:40.008164
Senior Software Engineer - Employer Growth,https://indeed.com/pagead/clk?mo=r&ad=-6NYlbfkN0DV6_kkESE-IH3-6b6P6D-PTja5UzDFTPJr2bN2PQBj2BesJua0_1H6jyHIkYB0pzWGLk1Nz9LbzPpykCi352I9U5wk5mjZBI2eNH9ZGGB6e4SgriE4_s8QlIBPVOMLyZe6bYpyocdrrZgtar6pmGOMixoc2tfHDHTmgu0Cw1DR9GQI_uBwYl7isdYo_9Cr3TTYlpMNCymm85_nZGBCtc33BFA6R0vZnIKD4POnifPv0bJQD9nNqgHgjUEA38fYmWWsZqHMVz0hVtKlcHrFLJLhtFsfPi4WYO-beLQvfxiXuDi1tMujEOk5GfeTz6OsQPluEBsx94hXNTd22ikuAfR1hQgp6WjKpxqdhys6RfumFgt0kXV_e7JGnUG9vFf6PrVEtvlW24K3lUjEsZqX3QHPW6lhrI9K44XAJuAeViM_9I6PM5Aerl2K8p10CkuZzEDkwH3SJgeJTj9i9aLkdXl941JNoA9KLeHmtlj52YuVbi_OxAj3nOQKhe4o4iBEZl6szlXdzIh4asVBj_MANlJU&p=12&fvj=1&vjs=3,Indeed,New York NY,"Design, develop, and deliver monetization product features as a full-stack engineer.
Get the satisfaction of knowing that you helped connect people to that…",30+ days ago,"$116,000 - $142,000 a year",2021-06-18 01:10:40.009154
Software Engineer (Backend),https://indeed.com/pagead/clk?mo=r&ad=-6NYlbfkN0BlxxBnWW1bkqkwMMFSt5r9ZzUO58dRhPTB7I3_ooPxbU3kLUiRIACTTb2AjFwEjK29SmdfZkn60Ki_NMScoij11uMaf3FXRWKMgUSd-th2TcbI9ig5K5PWBQjYr79wtoXY29CuUomL5j3Wdrdr078rjYPiQxbiPo3pbnDfhpOT9FtSFJVqQCcBDs1ArfNgfXZeKibowUWiYV4nZbFHHyqX4Hh-fRvk7q7lxzo-Snahntl4iDSY7ICb9IrtbcUybchyUYmtoRt7HxSHluFRgsn9p_bnvX9Empp1P1_653eqNQt1jOBsrNy-N_rYi97lcTCbImLe6HN1PPmNyyZ2hi9kWn8yKLqperY2H9gBRMx793ia1UH8jXfP4pL4An19c_8tgxdfnUOHBQ0CGhCKNmgaFvp8fxGCp_-SDv1YLaKaDNRH8U09s351VKznl0MnuJZFV-kunTUIrh4x71DUbh6k9ts7hRFgmKYW4gszTovHj_ZsxZJ0h98B_KKMQm6pzoE=&p=13&fvj=1&vjs=3,"Menusifu, Inc.",New York NY ,"Experiences in cloud-based software development on AWS at scale.
Deliver high quality, scalable and heavily tested software that is modular, secure, reliable…",Active 3 days ago,"From $110,000 a year",2021-06-18 01:10:40.010153
Senior Software Engineer,https://indeed.com/pagead/clk?mo=r&ad=-6NYlbfkN0AVmeVdBxbwCBum3pEXmqWPa4HbGlv0gYd5ueWyFHBBN-Xjh6Ps-uxmaAB-cLhha9pwozugv9r_3gfrc4iS_JY2cxNJz3Hl6xhXK30aq36bVYrusP39yCJ9GQh-XrNuAOv3lD7GQyPMg9L7GlLMg2jbHW5o4s-MRiPcrBGXB1k-plPZ-b52qbO2Yz1OqLXfxdOPil25Y0bPIsddJdqtE8zEiTANayNSl6z5ts9d5WYBuQQtRQBoHTBLeIfuVquzQgbbKUPx98-jENYPe6LLyo0NxWYdy_y1BhfR-eWj8E9DwBPDyHsSAJVr6pI7l57d_wynKOQeUOKraHckmlWSpbpD4FxhnQeFUcXO9MWtiM-cqg-IqXM91MNg-VzGa3lLFo6mBwccezIcAUUs9KAriHAIDtkWvE34VwIDMldhEUw68PVXc0xW7Wz46hNb7nRvmFvILngCJTnzkcXaiv8cLvQxbp71IBqvNksstCsT0LuoX26faQUUJGHpyLlP4Ao_YZOZ5gk5ZX2N20fKbQ7tfEoMIYBiqCJs7xUFqpCjyY4fT6cLwXtD2KHbRKrUXFFypkmCiSCfK_MvdAOTrgPyMCKp3vyNHrOHmRez4fFS1trTT5_DIDKDfNfNJgeLrF81pkj0QrPlwxtFM9bIvpZofJs36PPoznVZ42ZuhjkA1Y4T-dQWg1YBzfiRc29h36Rxj2w6-pgjNgpW1zJapyJ6MZqWCRXa3a7gF-R5D70r0lufzoipIro_7fEm&p=14&fvj=0&vjs=3,Fora Financial LLC,New York NY ,"There are opportunities to improve existing software and new development initiatives every quarter.
Participate in code reviews and mentor/train junior…",15 days ago,Unknown,2021-06-18 01:10:40.010153
Software Engineer,https://indeed.com/pagead/clk?mo=r&ad=-6NYlbfkN0COmNUjquYipn4T5T3v3eR3vfF0zF3_Xgzj_0k7VS-7h_asJE6F5Iyl70pRC037LNU4Eq8zvhYOqlVz8sZO_T8_vqblrj3alv88DhL_8XmWYTQL9A_iilxWVY4EHmSUTPFKzbzIrYIgAV8fLCZNYWfkLiLufCiwUyVEnZWKsqQG-rQuB7vrXo3SdDpMz_xBV46_VspowiQqvhO2xmgVCrax9aYsEdLY70Pfj606mYfl3s-PfXq_E5PSVfHhqlcqqm8D4NuLAqQbMpSrL32KAWPFNTPP23iKrKwyeJLJLjAehOu5R2J9t1L0w7WOxsS_72k_gAD5HJV8NiHyFlEuQGd4yshdFQS4NuhyCo4CydR2JNwO2kyqxsS6oX8ZydWkL2-2UPQhOxoGKe66SQQJawTlTdZWzpOgiOh7mZYERfLLbKKcaGwCYWTCdDKzKYoBDwyGbSI9kNRAXj8P_5Cz73aXRGaL_pRhzLvrn9nivCyxw0d6l1hMZXkhKfMx1Qg97NY=&p=15&fvj=1&vjs=3,Chain Asset Management Solutions,New York NY,"You would like to use great technology to visually create web and mobile applications and implement these in a reliable, scalable and secure way using the…",30+ days ago,Unknown,2021-06-18 01:10:40.011149
,https://indeed.com/pagead/clk?mo=r&ad=-6NYlbfkN0BQrdetes7n0cYXKSbrs22LNcO5oe4OWX_C8sbuwb916b7WmTzUHyf_lPxto0R19MdUtIOWkn-TMWmNHGSsQK7USnR3j4_XBtlwR6Cj4dkqDI56cgh4kYCnB61zl3g6C_R0cbdAnDrytE1XrPLduproY30782D7wDJZLQJ_vlz1LxqfZkdZeW9LjArhW3nC6lqIh5byI_bBaosXcTTcQK-tzQ4MpOYR0clWnG4geJ-kBB8MW-USErsOaNk4xsb60ZeuLrlSvCOvCUTrhp0OtssdXtMfYDwEyNhohw7BR6OVbNLRVc-ZXHDThY8S8Di6nBuBQIuTELjG9DUXmiupoOUUeH0TQOMbCXITo1JsPmMirEAIru9zGXVSB6-jur0jNmdLvrR5qE2dsHCdWNHW7wc1s8Z1CDALovW7UvvErQUe-lzDLbYeWcx-XdygUE6cTT0LCfFev4s7hHqUDLbhDkTGeaOQNpNaj8WW47tt0bBLswNayKKngSk3&p=16&fvj=1&vjs=3,All American Healthcare Services Inc,Newark NJ ,"Develop and enhance software for web-based and mobile-optimized applications, server and embedded projects.
Consult and advise senior leaders on best practices…",Active 3 days ago,"$70,000 - $90,000 a year",2021-06-18 01:10:40.012155
Lead Software Engineer: Client Engineering,https://indeed.com/pagead/clk?mo=r&ad=-6NYlbfkN0C4SAagZSelAXcC1iZqM3NSVB_8D7LZX7MJoPNTF3s12Dk-E5cRI7ybHD_Y2H18U4BvhcJVzKUGNqcok0Uok9XERKDQZtrXXdX8Xl0XLhPgosLIGn86NgCxESRNvi8xreQujJcw9K0caGZyhQOiz7jcWSEB2SwrZi1kDtHm0_9DTY0w0UgGip-pOUm7pZklIstcIyzOhHGHzQJdxXQxUKQfylzbTTYW3vgJos0viJY8Xhj1bq24Wj2kq1jc5WbuRCNQqkMEatEvw8IHT9oaTLr7PqWxuPYFV_UUJO3u739BAXkbJQuxPlqQiQ_X0hgDD8cfLiiv_Hqe3TF9zBB2DBX-SbMVS7qHkiYlBsY--ehS6ZMdFBhTRvtZYvvV4_CzB6jJA6mx5U6CQiejnoju8ICbkXrOMyrD5mPIpDpmpejlfs9wTrf8OC4l8RiNi-qoqgLL-4bQUcopQOXagucgvCjLdypAzzliJToTUDlOIkFA1VAhP_df-XJo3XgbIF8vdpkMocVMUzIghXqEZ8ADC2J3&p=17&fvj=1&vjs=3,SpinCar,New York NY ,"Mentor junior engineers in good software engineering practices.
5 years of professional experience in software engineering or IT.",Active 2 days ago,Unknown,2021-06-18 01:10:40.012155
PHP Engineer,https://indeed.com/rc/clk?jk=c5543507a2979cf1&fccid=3c4418c05a3a90fc&vjs=3,Highbrow-Tech,Whippany NJ,"Participate and contribute in the full project life cycle, including gathering requirements, system design, implementation, testing, deployment, and support of…",30+ days ago,Unknown,2021-06-18 01:10:41.053104
"Security Engineer, Special Projects",https://indeed.com/rc/clk?jk=55ce5ee623a3e682&fccid=d26901b7a9b35c6c&vjs=3,BlockFi,New York NY,"Navigating complex technical problems and providing insight, technical direction, and technical execution will be your day-to-day.",30+ days ago,Unknown,2021-06-18 01:10:41.054102
Software Engineer (C# .Net),https://indeed.com/rc/clk?jk=654a051e34de6bb7&fccid=48d865ee21517f2f&vjs=3,NICE,Hoboken NJ ,"Enter NICE Mattersight – the only company that uses personality analysis and big data analytics to improve every customer call, increase customer satisfaction…",20 days ago,Unknown,2021-06-18 01:10:41.054102
Dev Ops Lead,https://indeed.com/rc/clk?jk=93e13b36d0049af0&fccid=2def7d54e58df8ff&vjs=3,Success Academy Charter Schools,New York NY,"Collaborate with Engineering, Infrastructure, and teams outside of Technology to ensure smooth and reliable operation of software and systems to meet business…",30+ days ago,Unknown,2021-06-18 01:10:41.055099
Software Engineer II,https://indeed.com/rc/clk?jk=0f20b9108bdabbad&fccid=95c19d855902beb5&vjs=3,BlueVoyant,New York NY,"At least 5 years of experience in development, test, and operational deployment of production software.
Demonstrate familiarity with cloud-based, big data…",30+ days ago,Unknown,2021-06-18 01:10:41.056096
Application Integration Specialist,https://indeed.com/rc/clk?jk=a5c38af8a791d165&fccid=e6d53db1fd85d07d&vjs=3,Adelphi University,Garden City NY ,"Supports mission-critical enterprise applications in accordance with business processes, University policies, IT procedures, and vendor specifications.",28 days ago,Unknown,2021-06-18 01:10:41.056096
Senior Software Engineer - APIs,https://indeed.com/rc/clk?jk=131f73145b4db356&fccid=326b20ed3e55e12b&vjs=3,Kensho,New York NY ,"Engineer flexible solutions that can be deployed on our AWS cloud platform, or within a customer’s cloud platform.
Triage and resolve customer reported issues.",30+ days ago,Unknown,2021-06-18 01:10:41.057094
Corporate Treasury - Software Engineer,https://indeed.com/rc/clk?jk=d8ef5a1c1e2e23b0&fccid=16a97ed26c75bf2d&vjs=3,Goldman Sachs,New York NY ,"Join our engineering teams that build massively scalable software and systems, architect low latency infrastructure solutions, proactively guard against cyber…",30+ days ago,Unknown,2021-06-18 01:10:41.058091
"Senior Software Engineer, Full-Stack",https://indeed.com/rc/clk?jk=490ea55a8b59dd6d&fccid=9a5d9b550e93165a&vjs=3,Visor,New York NY,"This role requires an understanding of marketing concepts and familiarity with marketing technology (e.g. email marketing/marketing automation, sequencing…",20 days ago,Unknown,2021-06-18 01:10:41.058091
Sr. Embedded/Firmware Software Engineer/Perm Position/Onsite,https://indeed.com/company/United-Business-Solutions-Inc/jobs/Senior-Embedded-Firmware-Software-Engineer-Perm-Position-Onsite-2921340c4547ea0a?fccid=16a3b20928e3683f&vjs=3,United Business Solutions Inc,Great Neck NY,"Embedded software: 5 years (Required).
Embedded development on Linux based systems: 5 years (Required).
Candidates must be able to work in the office every day.…",Active 3 days ago,Unknown,2021-06-18 01:10:41.059088
,https://indeed.com/rc/clk?jk=ccadc0b3413acc4d&fccid=070ddd31b887a3e9&vjs=3,Beacon Platform Inc,New York NY ,"As a Securitized Products Quantitative Developer at Beacon Platform, you will be working within a team to build product support for new securities, as well as…",6 days ago,Unknown,2021-06-18 01:10:41.060086
Full Stack React/Java Developer,https://indeed.com/rc/clk?jk=207340bc82a08f96&fccid=9b612b652113d579&vjs=3,Habio,New York NY,"3-5 years professional experience as a full stack Web developer.
The Company has a working prototype of its software that outputs program layouts for multi…",10 days ago,Unknown,2021-06-18 01:10:41.060086
"PGIM Fixed Income | Quantitative Developer, Credit",https://indeed.com/rc/clk?jk=693b20a51356d16d&fccid=4144c0c6235e4037&vjs=3,Prudential,Newark NJ ,"Partner with team members and portfolio managers to deliver relative value analytics that are additive to the investment process.
CFA certification is a plus.",30+ days ago,Unknown,2021-06-18 01:10:41.061083
Back End Engineer,https://indeed.com/rc/clk?jk=1011e2aca9228f05&fccid=c659788ec6cc356e&vjs=3,Sensor Tower,New York NY,"3+ years of experience as a software engineer.
Strong foundation in programming, algorithms, and software application design.",30+ days ago,Unknown,2021-06-18 01:10:41.062080
"Senior Software Engineer, Ads",https://indeed.com/company/Quizlet/jobs/Senior-Software-Engineer-d718d9c308aa1846?fccid=30aa2c54dfe7480c&vjs=3,Quizlet,New York NY,"5+ years professional experience in software development.
Sharing our best practices through technical blog posts, meet-ups, and conferences.",24 days ago,Unknown,2021-06-18 01:10:41.062080
Fullstack Developer,https://indeed.com/rc/clk?jk=308b34dd87e419ee&fccid=868617b9b7a14fb6&vjs=3,ClassLink,Clifton NJ ,"We are looking for 3 to 5 years experience.
Understand basic control structures and elements of programs like loops, variables, functions, and potentially…",30+ days ago,Unknown,2021-06-18 01:10:41.566287
,https://indeed.com/rc/clk?jk=28fcd9384e366828&fccid=f042b91ff3f82696&vjs=3,Regeneron,New York NY,"To be considered for the Lead Developer role, you must have a Bachelor's degree in Computer Science or related field as well as at least 5 years' experience in…",2 days ago,Unknown,2021-06-18 01:10:41.567284
Cloud DevOps Engineer,https://indeed.com/rc/clk?jk=6f5e136b96d7147b&fccid=07d742ca5ceebab8&vjs=3,Marvel Entertainment,New York NY,"Automate software installation, configuration, maintenance, and troubleshooting of both on-premise and cloud deployments.",30+ days ago,Unknown,2021-06-18 01:10:41.568294
Quantitative Developer (Fixed Income),https://indeed.com/rc/clk?jk=15c611f162d905bc&fccid=0c39fb2c91742dcf&vjs=3,Morgan Stanley,New York NY,"The quantitative developer (""quant-dev"") will be part of the core quant group in the Fixed Income & Liquidity business working on the analytics and technology…",10 days ago,Unknown,2021-06-18 01:10:41.568294
C++ Low Latency Engineer,https://indeed.com/rc/clk?jk=ff4dde1f587a9a54&fccid=548e0909717a6ddf&vjs=3,Millennium Management LLC,New York NY,"At least 5 years of professional experience.
Expert level of C++ and deep understanding of data structures, algorithms, and object-oriented programming.",30+ days ago,Unknown,2021-06-18 01:10:41.569279
"Director, Full Stack Software Engineer",https://indeed.com/rc/clk?jk=53c1ff2e0834e9f2&fccid=4144c0c6235e4037&vjs=3,Prudential,Newark NJ ,"Track record of contributions to open source software projects.
Hands on coding in technologies such as Java, Spring Boot, Node.js, Python, Flask, Javascript,…",28 days ago,Unknown,2021-06-18 01:10:41.570280
,https://indeed.com/rc/clk?jk=c0a336238911cec4&fccid=26690323b1917e1b&vjs=3,Symbiont,New York NY,"At least two years of professional software engineering experience.
Additionally, a DevOps Engineer provides support for both internal and external end users of…",3 days ago,Unknown,2021-06-18 01:10:41.571273
,https://indeed.com/rc/clk?jk=c66a80282363bb90&fccid=92b6ad9b1bd886b6&vjs=3,Turner,New York NY,"Paid time off every year to volunteer for eligible employees.
Access to in-house learning and development resources.
Bachelor’s degree in a related field.",2 days ago,Unknown,2021-06-18 01:10:41.572274
Senior Software Engineer - Amplify Reading,https://indeed.com/rc/clk?jk=8782b5fa079000b8&fccid=a575b7c5c50b587a&vjs=3,"Amplify Education, Inc.",Brooklyn NY,"Strong CS and software engineering fundamentals.
5+ years of professional software development experience.
Implementing code that runs great across platforms…",30+ days ago,Unknown,2021-06-18 01:10:41.572274
"Software Engineer, Python",https://indeed.com/rc/clk?jk=a07b268e5108d423&fccid=02bd2bdda97deebf&vjs=3,Hearst Media Services,New York NY,"You have experience with server-side programming in Python, Go, or other similar languages.
You have 3-5 years of experience building web applications and…",30+ days ago,Unknown,2021-06-18 01:10:41.573268
Embedded Systems Engineer,https://indeed.com/rc/clk?jk=5da9d9aebfda890f&fccid=f585b30daecc8a21&vjs=3,Watts Water Technologies,Blauvelt NY,D esign electrical control systems (digital and analog circuitry) that will meet industry standards and commercial specifications through good engineering…,14 days ago,Unknown,2021-06-18 01:10:41.574225
,https://indeed.com/rc/clk?jk=5ad814eb3b4b9b46&fccid=781f2a4fd94edd12&vjs=3,Fivesky,New York NY,"3-5 years of broadcast control experience.
Commissioning of multimedia systems, audio, video and control.
Prepare estimates for engineering services to bring…",7 days ago,Unknown,2021-06-18 01:10:41.575222
"Software Engineer, Site Reliability",https://indeed.com/rc/clk?jk=8269de691f5cba3a&fccid=326b20ed3e55e12b&vjs=3,Kensho,New York NY ,"You have been a major technical contributor in a big project.
You will cultivate full-team participation in high quality, thoughtful software.",30+ days ago,Unknown,2021-06-18 01:10:41.575222
Java Developer,https://indeed.com/company/Skywalk-Global/jobs/Java-Developer-20aade5664da45fb?fccid=548a752639d262d1&vjs=3,Skywalk Global,New York NY,"BS in CS (or equivalent) with 5+ years of software development experience.
Strong programming experience in Java/Kotlin/PHP/Python and Database.",Active 3 days ago,$65 - $70 an hour,2021-06-18 01:10:41.576219
Google GCP Cloud Engineer,https://indeed.com/rc/clk?jk=6a3a03cd8572b589&fccid=4144c0c6235e4037&vjs=3,Prudential,Newark NJ ,"Familiar with ETL and big data tool-chains such as those provided by Google Dataproc, Google Dataflow/Data Fusion, or similar.",8 days ago,Unknown,2021-06-18 01:10:41.577218
,https://indeed.com/company/Stellar-Development-Foundation/jobs/Software-Engineer-afaabd58c4749af0?fccid=be156e14386a6ef9&vjs=3,Stellar Development Foundation,New York NY,"Be involved with all aspects of the software development process - from vision to final implementation.
Identify patterns in developer needs and design new…",2 days ago,Unknown,2021-06-18 01:10:45.074069
Backend Software Engineer,https://indeed.com/rc/clk?jk=dcec639c07b30730&fccid=de71a49b535e21cb&vjs=3,IBM,New York NY ,"Software Developers at IBM are the backbone of our strategic initiatives to design, code, test, and provide industry-leading solutions that make the world run…",12 days ago,Unknown,2021-06-18 01:10:45.075069
,https://indeed.com/company/Def-Method/jobs/Software-Engineer-8cbf4d77af9ed27c?fccid=8705462b2e2930e5&vjs=3,Def Method,New York NY ,"Making software in small teams with active customer involvement.
Collaborating with engineers, product managers, designers, and stakeholders.",Active 3 days ago,"$81,990 - $190,839 a year",2021-06-18 01:10:45.076064
Full Stack Software Engineer,https://indeed.com/company/Thomas/jobs/Full-Stack-Software-Engineer-e393be40e06a2e2f?fccid=b57e49393a3d9837&vjs=3,Thomas,New York NY ,"You'll work with the software engineering, project management, user experience, and product teams to build and maintain critical technology solutions across the…",Active 10 days ago,"$100,000 - $110,000 a year",2021-06-18 01:10:45.076064
,https://indeed.com/rc/clk?jk=6fa13d60739fba53&fccid=28f4f8b9d5015a19&vjs=3,nTopology Inc,New York NY,"Integrate software components into a fully functional software system.
Participate in design discussions, code reviews, and all other parts of the software…",7 days ago,Unknown,2021-06-18 01:10:45.077059
"Front End Software Engineer, RED",https://indeed.com/rc/clk?jk=31c1d0d6150d011c&fccid=9502fdf46127ff92&vjs=3,The Washington Post,New York NY,"3+ years experience in software development.
Collaborate with team members including other engineers, designers and product managers to design and build highly…",28 days ago,Unknown,2021-06-18 01:10:45.078057
Software Engineer - Eq Spg Engineering,https://indeed.com/rc/clk?jk=9a92a62589b37344&fccid=16a97ed26c75bf2d&vjs=3,Goldman Sachs,New York NY ,"Join our engineering teams that build massively scalable software and systems, architect low latency infrastructure solutions, proactively guard against cyber…",30+ days ago,Unknown,2021-06-18 01:10:45.078057
Software Engineer - Money,https://indeed.com/rc/clk?jk=13000fa62140ab5d&fccid=7c07af204e67482c&vjs=3,Teachable,New York NY,"As a software engineer on the Money crew, you will be responsible for building out our payments platform processing over $1M+ in daily transactions to over 10…",30+ days ago,Unknown,2021-06-18 01:10:45.079052
Software Engineer,https://indeed.com/rc/clk?jk=1dca0aaf0dfff8b6&fccid=6bab5fc4ce26f101&vjs=3,Attentive Mobile,New York NY,"You are constantly improving the quality of the project you are working on, both via code contributions as well as long-term advocacy for larger scale changes.",30+ days ago,Unknown,2021-06-18 01:10:45.080050
"Software Engineer II, Partner Commerce",https://indeed.com/rc/clk?jk=9efa26a37d51e672&fccid=fdb210f6a49b1c13&vjs=3,WarnerMedia,New York NY,"You will get the opportunity to work in multiple areas of the product, both on the client-side and server-side.
Paid time off every year to volunteer.",30+ days ago,Unknown,2021-06-18 01:10:45.081053
Software Engineer II,https://indeed.com/pagead/clk?mo=r&ad=-6NYlbfkN0CNTaigg53tgKMQQsjdGlhApYl6RSsbpQl6QWYzGuod7wABAFGU2Gsp7fg_vkvWM6SCYCDuTaQmzuwPpdKe9MgDcRmlGaTSZBeikxgNVDZvxY5_stJ7poqRFBuTNNbicOsBd8Wnu1w3gtrqjW1WMJnna4TmBPUSZ1Fx_fqU6x5uxkNeZQ8DXZdFUBGm3yclze3Lz7jVURccINDOM1c2mQAfVAIf2RRGL4IMZcgbm06sP0nf439nZADxdZnFfmPXFN_0h3NaAsBrSBgg1_gaN3IEv0jx6CdMcwsgQd7ddP2uWOeCkXM3ifBxdJse3h4Jm6Ht8xyVTHQzdlH_c8uKJKGvA6qB6sk54Ol5_97ujg1gQW2vq3MhLmqbsPc7CK1zRoPACJgzPSOxiD4jV4w58Z4YU9GjniPOHmFDTNrOYze4EyqbWMrrT__kmaPXijNFLYIlTEE5Vv1QzpPasYRBnp8EAX6bLHG5czXlyqgOmBTLHf-DrK3y_xhm64qxIerV2Hv5PpYS62W3dYlcdlrj-5ioBWIU-bskk9OLB2LX13s5WBnVeO2ZzQgU91o6_8vho38smR83eJ0HVOxYnI0lSrwpDit8WCvstReRNgHzKh7Ittgu5Zu0zCRnwW_mq1NmctOjTcBdX050ibWS3R2sCGjwu1YiELs8NZZ0tKQ6ZU6qxphuvrZGKGUzBXGdYugiPCz9sNta9A4YgRiK4lMuqeElP49HGeOzpkzs5mUu_Uvld8A5k5NBCaBmODl9SLBvXrmo3HHLJKSzGyJ8DWqApcFLrfIKP17WINbcdJaxjC-NPaCFnGrIUCVoYMxYq2p-zqPy_sChJHTWRf2jaQJv9l1hvr-bXzmndEt1bO6SrKmuXLa-3VU7Zn1ZFwLJhkeXKlFSj53wop0PR29YlZARn02oYw1T1sSj0ZJsXvOsp3XB2EZI9hyx1c0ODgSKAhbkoQYuV4pHhu_VONHX1JyZM7kn7GhH0qfhViGP-_L9AF840feXydEW7bq1j_trxCFbvvgQfd-cFmUyF38WwtyGNEnUBkyN6EGRDSKGhGmywHd_h7Bty8-Pe5EsbtN0AWYW35w=&p=11&fvj=0&vjs=3,Cox Automotive,North Hills NY ,"Experience with cloud hosting, architectural principles in security, distributed computing, and Developer Operations experience, such as: Linux Administration,…",15 days ago,Unknown,2021-06-18 01:10:45.081053
Senior Software Engineer/ Back-End,https://indeed.com/pagead/clk?mo=r&ad=-6NYlbfkN0BKgzQyzTF1Q9mOsR1amaS-juVGLjHt5Cdom-gEF9y-xXpk1ki4MPE_H9LZAgL3njmFjQTuf3WwDyKpTpsIGvPO7-ZLoD7yeIETBodl7zcBHcQF-EX5CTYm5DMcAYEfcBk_UMPsy7Oai_9rwrD1t0PPc1ro9H6hTwAB6hc8Fce7HS3VZMqZ2hHWjpuIz-L8Inf1GKbYj1TsKIUr_F1q1KLJNaqL2XBaw2pxsDUyARZL8z4lhh0_XevN7dKB5OL7vRFq6syd_peuI1S24wn13CjQe9_-nGGi6159UMxKWMHo5Fop6-o5lkf3DetmUI3HA3Zz1LMf1ThVPXuLLFWyIFWhOEtCFnh_xQUSsAR6N9ipMcF7hyi6gUExaajjAghjI41AMx3oMS6M384wDSIBkAeAzAdWQVfQSvrAe2f0GvDKcIqLont5jU845LDmQ0aGg-KMqYnQh8n5OxzmK835-aEvYdEYPpJx_mrbq9GZ7Jrbr145yWu8-gOJNGYyH0dTsOc=&p=12&fvj=1&vjs=3,And Luxe Inc.,New York NY ,"Collaborate with a team of engineers building software in a collaborative development process.
5+ years of software development experience.",Active 7 days ago,"$150,000 - $180,000 a year",2021-06-18 01:10:45.082049
Full Stack Software Engineer,https://indeed.com/pagead/clk?mo=r&ad=-6NYlbfkN0Bh5UL96y9MgGb-pDNzPynAIi7zIpVHx9qw0gZIBgDzj1Gn3MLvgcJoWN7dMIt1X1Mc3rPMjb23WqA6IVCIdBaLs1uHZPPAA9U-sHKH-QmAq4PZeyGKTEumX9sASJS1IH_vJ-bCfKn7ubg8cQbO1mo8Yigl7pALs1EAO1issW1VYktZ_ddPxraLzusssQ7FFBW-vx6zzvOGzrdOc8HE6ol9fFFC6xBvnCUj2CUKqmfJmfdl_sDjZ96XK1CvM6yvLpE1Gb-B4UhpuBTEz7xpf1vp-HxYHVQfbxEh_XsnNmWGMvs7Qlo8nYsdO5kxGiR-krOfKX50drRyC_UqqrWQE1U0Y36AHdEIEOvj_c4VCpI218UsuF-JiL_ENijqI68Y4LNDlv3pXRZocHXhA9GR-ZNNONe78dZun8yCa_1mF-gCks5l44GMkfnUCdCNeKG8N0K13_W3Ea43wDqh7CFT_WOCvHBvOD2plQIQXMeO_J68_j_x_p6uVZIZyta0zZXq_fg9cS2fmZhAEg==&p=13&fvj=1&vjs=3,Thomas,New York NY ,"You'll work with the software engineering, project management, user experience, and product teams to build and maintain critical technology solutions across the…",Active 10 days ago,"$100,000 - $110,000 a year",2021-06-18 01:10:45.083046
"Fullstack Software Engineer, Pathology",https://indeed.com/pagead/clk?mo=r&ad=-6NYlbfkN0AfhXZLdKKEaSrE-A3kTViGcJyfCs_ENjKb6b0iXAiczF-uLLaHPt-XOyTAYK1ETP6Gc8vhnnc9PwnQzrNRPyrL6006MB-KAWbGIpmtUQX203VMUI7xjO4q0s_MAzAF_uNDFP_zf3oldH_etAs6Lj9yv3zW9gn_mB_lzwlMF0Ed6oI1w8AFozL9I9P7kTX1D6BU3fQbr-VG1jZpwNIVS3Ly6sT0wegFGX-C7RvnGq5RkVYsJxyp3V8q6Ahl_EI9EqINEygdGM1eLVljNNqzxDD7tqvpvhnxobnAIoCmk5EXzkLq4BE5as16k96wQgQzy8qHPmy04UMGMh0mipfPovQvRlGfcOa69mJl-meHerbygmhrUhJCmM4D3xS7OarSQ4WRp7MvJi3fmH-o4Wz7VeK87GYWcxNSZuqfuzrc_l-xJ32lf3GkXzJm9Kv3ujXMCSJeBV1yV2xZSTsRy2_Snw1u0UqreQnktIe7aDDa72ku19MMgR4LMFKT-ojAC57suktfceOh1LNcFh30U2gq8ck52y0nMF5uu_c229IfY-sMmHtXY7FQbrOCm_6I32J4_2A9c7Qn8OanOCuPcdPP3-dEuRiMtzh889leQ4Nbxg7wuLe-221wQgTo7jv_eyJQxvhlI3hHxTSvaHQV17MSgQCQ70iXUJ1OSIJ94JrtE-LaBSYr8iseI_k_n6iI2f-JKaj7dRQRYRgrzb5BfCPtMROVSP61WMYZCZZ6L_Rh3NIm_31mRFdUAF2RrpCXP-R92lCKRtEczDPqk_6wtr8CtgMuSYURmfQKBk8R6R6KBwF8V3Ugf0G3mX-DbT-xVtWo-sQKPYXtKWNHeHKdOLR-oOKj1HlItnDsWFJWrQcg3Gnj7N8SIiOuKEIhDp26dlnGb-fbsaRe2RuwKHxlETe1EusHELM0BOUoZeg23RznM1AWcrvdQgRPXBmk6ixCT0paVahP6VUI4Yh-_2kSaWrwlPhTVeFlSBc649JNcCx3G5XxIMz8nvfhseA_xkFORQxBPG955u6Jeqzxuv4lp4F0rY5NfWEbFAC2AJEXhQJovO0VTfczai0tX_IhLyNJIqgtz-Qto04zj_e2s40KRHCkcU6A4BT9jUBL37RHKE_Ofbr925B-DcbxDWXJCrYnoqsbcrmQ7_e9aYKf2fY5HiFMTz1yjXjK24Dx7PviZknaUOJM-qUoxJUXFgNY8NHQIX2W-t3cWjM68Tq0acxjVaVkR1xvIPky8Ifk8TeiGJgaAfBblHQM_Bhk_arSzDOO31zovpHa71alaIeW0O_4vXeWt0WsGzyzTtErXetjjRjp9PfSOdU2hxyZKgh9F8y1PdNJKs_Qp_ecUS62Mkgw1afntQ5RQttcesW3WNOhMqBiGxHVCowk6atqzZQW&p=14&fvj=0&vjs=3,Memorial Sloan-Kettering Cancer Center,New York NY ,"Experience building highly available, scalable systems either on-premise (kubernetes, etc) or Cloud a big plus.
2-4 years of software development experience.",30+ days ago,Unknown,2021-06-18 01:10:45.083046
Full Stack Cloud Developer,https://indeed.com/rc/clk?jk=abf6f250310142a6&fccid=0140e51652b12787&vjs=3,"Jefferies & Company, Inc.",New York NY ,"You will be working with very talented Developers, UI designers, Product Managers, Delivery Leads and Business Analysts.
3 + years of experience with AWS.",30+ days ago,Unknown,2021-06-18 01:10:46.795041
Lead Software Engineer,https://indeed.com/rc/clk?jk=e14f03465c4af810&fccid=dd073e73a7b72662&vjs=3,"Visual Lease, LLC",Woodbridge NJ ,"On a daily basis, you will work side-by-side with cross-functional team members to understand requirements, prepare feature designs, write code in C#/.net and…",30+ days ago,Unknown,2021-06-18 01:10:46.796046
Site Reliability Engineer - Java / Production Engineering,https://indeed.com/rc/clk?jk=f93a215949f6fc7e&fccid=aaf3b433897ea465&vjs=3,"JPMorgan Chase Bank, N.A.",Jersey City NJ,"Experience in engineering solutions for metrics gathering/publishing and event collection/correlation across distributed architectures, automation, monitoring,…",8 days ago,Unknown,2021-06-18 01:10:46.796046
"Lead Engineer - Inner Source, Office of CTO - Opportunity for Working Remotely Newark, NJ",https://indeed.com/rc/clk?jk=652310450ba54f8c&fccid=c762a27145bd166e&vjs=3,VMware,Newark NJ,"Leading and/or architecting experience on software development projects.
Experienced in cloud native technologies such as containers and Kubernetes.",30+ days ago,Unknown,2021-06-18 01:10:46.797035
IT Support Engineer,https://indeed.com/rc/clk?jk=308fd23e97f56c38&fccid=f46e2fd6ab3f5a72&vjs=3,Wolters Kluwer,New York NY ,"Minimum of 5 years of experience in similar role.
Excellent presentation, interpersonal, written, and oral communication skills (including technical writing).",21 days ago,Unknown,2021-06-18 01:10:46.798034
Semantic and Graph Technology - Application Development Lead - ED,https://indeed.com/rc/clk?jk=c699ef586d1ff271&fccid=0c39fb2c91742dcf&vjs=3,Morgan Stanley,New York NY,"Strong problem-solving skills, business acumen, and demonstrated excellent oral and written communication skills with both technical and non-technical audiences…",30+ days ago,Unknown,2021-06-18 01:10:46.799030
Quantitative Research - Credit E-Trading Quantitative Developer- Vice President,https://indeed.com/rc/clk?jk=66ce10c45db872ad&fccid=aaf3b433897ea465&vjs=3,"JPMorgan Chase Bank, N.A.",New York NY,"Delivery of real time analytics for bonds and loans using a combination of C++ and python.
We work in a very dynamic environment, and excellent communication…",9 days ago,Unknown,2021-06-18 01:10:46.799030
,https://indeed.com/company/Stellar-Development-Foundation/jobs/Staff-Software-Engineer-bb9845d8b61d528a?fccid=be156e14386a6ef9&vjs=3,Stellar Development Foundation,New York NY,"Be involved with all aspects of the software development process - from vision to final implementation.
Identify patterns in developer needs and design new…",3 days ago,Unknown,2021-06-18 01:10:46.800027
Process / Task Mining - Application Developer,https://indeed.com/rc/clk?jk=beeba7ffd44980e4&fccid=0c39fb2c91742dcf&vjs=3,Morgan Stanley,New York NY,"The Data Center of Excellence department is recruiting for an enthusiastic, dynamic and delivery focused software developer to contribute to various programs…",30+ days ago,Unknown,2021-06-18 01:10:46.801026
Software Engineer,https://indeed.com/rc/clk?jk=3e90ae77e551d439&fccid=712e6782fca8a8e3&vjs=3,"Genesis Global Trading, Inc.",New York NY,"Develop and integrate automated unit tests for software developed.
Solid understanding of developing software sympathetic to modern CPU architectures.",30+ days ago,Unknown,2021-06-18 01:10:46.801026
Lead Software Engineer,https://indeed.com/rc/clk?jk=fa98dd4ca0dd47e8&fccid=1b50fcfb150b1b48&vjs=3,The New York Times,New York NY,The Messaging Platforms group delivers hundreds-of-millions of messages per day to tens-of-millions of NYTimes users while providing the resiliency required to…,30+ days ago,Unknown,2021-06-18 01:10:46.802022
Security Engineer,https://indeed.com/pagead/clk?mo=r&ad=-6NYlbfkN0A5VKegLn2gYPdNzTh147tMcaUjkBUixglE90-2brN-zsHcLWEkSymhCgscd1y49OBoztZ8DmwLJ9HCGVq5ZD7otupo_-51IJm3YGNYphyuWQf1p-_AyxAOnGT1PvdR1BDWF-we4UiwqI1ujfE7KhMQ7B2VheyLs8w0VnL3GrSuhKI6wNDCVn9qTxH1t7-qYDR6H47LIqnyyZz0SRWIC8srO0I_yqUQKhZC5fz4HaFsKD7utQ-wRqwVqwWDj6Bma59Ec-PUBxZ-TCJLVD6TAU0rCS9bysoUYQe_UnPjvqdNxtfrmHXE9kWBApBJBkKznCPWlk5bJb0vrU7Iviv-LyKiAkdWoHwSkvJIIqBTluxadSRNCuLJkfEDrVjpt_ZH3twbcFaVmbnu1mea_g3EpDbYDR_PcMC8x5CntgFXnYs_Rt8d2IvEJgJpjRBDgjLb1p5JwBIcioS0hgs9l2p14eBztAVVouXMToPHV3C8mVDgO9RNCvNyUS-O-zZ22D87J3xEIPmoWCJGaDZuq-BvjW-FD0Q8FuU0Zgmyjj_8masqF9FWXb9QMu0GhRaimTMbGzFu-ou6LCAYLH5s0O0_-v4q8CSRrLaiw9HI5r8uj7IO39e9Dc64vIr_vi-PX5XqIdUeY6bGffj-A7a_5TNVx4htZ5Wk_91Q99Ph1lpfjK3cbejjyPDhedG1FHgyOhVnyluY_t3vb-_GjZWh20p8gnCz&p=11&fvj=0&vjs=3,Master Lock,United States,Develop and document new standards and procedures for the team to review while ensuring compliance with corporate security policies.,30+ days ago,Unknown,2021-06-18 01:10:46.803019
Application Developer - Semantic and Graph Technologies,https://indeed.com/rc/clk?jk=aa790254df0be449&fccid=0c39fb2c91742dcf&vjs=3,Morgan Stanley,New York NY,"The Data Center of Excellence department is recruiting for an enthusiastic, dynamic and delivery focused software developer to contribute to various programs…",30+ days ago,Unknown,2021-06-18 01:10:46.803019
Full-Stack Engineer,https://indeed.com/rc/clk?jk=ed02fbc5c45e21b4&fccid=5309ddd82b852332&vjs=3,Affinity Solutions,New York NY ,The ideal candidate will have at least 5-10 years of software engineering experience in a fast-paced environment dealing with complex systems.,30+ days ago,Unknown,2021-06-18 01:10:46.804017
Software Development Manager,https://indeed.com/rc/clk?jk=13c9845369626c4d&fccid=fe2d21eef233e94a&vjs=3,"Amazon Web Services, Inc.",New York NY,"Knowledge of, and ability to setup professional software engineering practices & best practices for the full software development life cycle, including coding…",30+ days ago,Unknown,2021-06-18 01:10:46.805016
Senior DevOps Engineer,https://indeed.com/rc/clk?jk=29f2a0b8a3242604&fccid=d7365da89e9fe3bc&vjs=3,H1,New York NY,"Mentor software engineers on DevOps principles.
You're responsible for developing innovative, flexible and scalable solutions, and driving the automation and…",30+ days ago,Unknown,2021-06-18 01:10:49.318617
DevOps Engineer,https://indeed.com/rc/clk?jk=1c538526cb64f5a9&fccid=b90433ed96d63887&vjs=3,Persistent Systems,New York NY ,"Champion the importance of Build, Test and Release as part of the development life cycle.
Strong understanding of version control concepts including branching,…",30+ days ago,Unknown,2021-06-18 01:10:49.319619
Software Development Team Lead,https://indeed.com/rc/clk?jk=3ea28b5226e212eb&fccid=767c71a9f8bd42b2&vjs=3,Plecosystems,New York NY,"The role will ensure the coordinated running of day-to-day development activities and develop processes to enforce best class development, testing, branching,…",Active 15 days ago,Unknown,2021-06-18 01:10:49.320617
Principal Data Scientist / Applied Machine Learning Engineer,https://indeed.com/rc/clk?jk=5a90b12bb6fb2fd2&fccid=d7ffd11f502090e7&vjs=3,CitiusTech,Manhattan NY,"With over 3000 professionals worldwide, CitiusTech enables healthcare organizations to drive clinical value chain excellence, across integration &…",30+ days ago,Unknown,2021-06-18 01:10:49.320617
Sr iOS Engineer - Pricing - Diner Apps,https://indeed.com/rc/clk?jk=4730b48612b15492&fccid=12e41f7040f168e8&vjs=3,"Grubhub Holdings, Inc.",New York NY ,"Communicate with designers, product owners, and other engineers to create working software based on an understanding of business and technical priorities.",30+ days ago,Unknown,2021-06-18 01:10:49.321609
Technical Producer,https://indeed.com/rc/clk?jk=e80cbb0275036266&fccid=5549c6b9723b4956&vjs=3,Rockstar Games,Manhattan NY,"Strong understanding of software development and project management processes and practices.
Experience with Microsoft Office (emphasis on Excel), Hansoft, JIRA…",30+ days ago,Unknown,2021-06-18 01:10:49.322606
Investment Quantitative Credit Developer,https://indeed.com/rc/clk?jk=7957e7d48245837d&fccid=430cffbf1c607717&vjs=3,MassMutual,New York NY ,"Collaborate with data science and colleagues in other areas of MassMutual for modelling and analytics.
A background or understanding of credit analytics and the…",30+ days ago,Unknown,2021-06-18 01:10:49.323604
Automation Engineer - Ansible Tower - D3794,https://indeed.com/company/Source-of-Future-Technology-Inc/jobs/Automation-Engineer-54248f422ee0077a?fccid=bccc5c69672b82b8&vjs=3,Source of Future Technology Inc,New York NY ,"SOFT's client located in Remote is looking for a Automation Engineer - Ansible Tower for a long term contract assignment.
Job Types: Full-time, Contract.",29 days ago,Unknown,2021-06-18 01:10:49.323604
Lead Devops Engineer,https://indeed.com/rc/clk?jk=5ff84a03fdf825b6&fccid=a4e05a251fe8a841&vjs=3,Boost Insurance Agency,New York NY,"Implement and maintain cloud resources to support the software engineering team.
Continuously reviewing infrastructure / APM metrics, and working with the…",13 days ago,Unknown,2021-06-18 01:10:49.324602
Cloud Infrastructure / DevOps Engineer,https://indeed.com/rc/clk?jk=1e8b7c2801164d00&fccid=ddf5b0fabe2b2597&vjs=3,Blink Fitness,New York NY,"AWS: 3+ years’ experience with using a broad range of AWS technologies (e.g. Lambda, DynamoDB, API Gateway, EC2, SQS, Route 53, StepFunctions, RDS, ELB, S3, VPC…",28 days ago,Unknown,2021-06-18 01:10:49.325601
DevOps Engineer,https://indeed.com/rc/clk?jk=57066e913f166826&fccid=16e2832d6ae4e2ad&vjs=3,FJA-US Inc.,New York NY ,"Minimum of 5 years of combined systems administration, DevOps, and/or development experience.
Enforcement and management of access control to development…",28 days ago,Unknown,2021-06-18 01:10:49.326597
Fullstack Engineer,https://indeed.com/rc/clk?jk=9dfd7f017a80d593&fccid=712e6782fca8a8e3&vjs=3,"Genesis Global Trading, Inc.",New York NY,"Develop and integrate automated unit tests for software developed.
Experience with version control such as Git.
Review and recommend architectural improvements.",30+ days ago,Unknown,2021-06-18 01:10:49.326597
Senior .Net Software Engineer,https://indeed.com/pagead/clk?mo=r&ad=-6NYlbfkN0Cnhr_PpxAjhDcHBq2shMH0THqFrSd6KqCixdm1MkaykQoQbSdvX3qgomlPO_cHJCYtKIQSd5qDqmGUd739AYjbYfwe1eRzcfZvCJqID12JAeZcutjhiHcO63XawOQk1FsRPJOfnXIG2PL74iHgLtsQG1FUrs5VN968Sgc84CJb0s2JJ61OiIby_MaoeqzDsbT-dL47nWPp91-ocRCkJQj0IE65yLqkc4e-HaA3bfbROnO-emnBJLbEhdai5jH7rNwG30k15uLQ1cTKkakmFx6RMjZ0CcyeCrxncNEeu26Ef7JSYK98od3zVCnyhPIwWn0pPUUETHNi-miBc6MTkm6QD6_Bv6sLDG_OBfOKo4RkrFO5bLBCgS5J7GIkZwK2T3PQx7ffnONr37pE_fDsc1sqOwk0EBZAg57pPmsKjYIgZY-CC6Ein0JAHdk_bTN7aJu4zCzQX6ut-wdDvzgVrGQq9ZlEPgFy19l6Q_l7_6zN92E5urCE5ugBgAawU0ZMjPY=&p=12&fvj=1&vjs=3,Lucas James Talent Partners,United States,"They foster an environment that deeply cares and invests in engineers, promotes team-learning, and individual growth.
Voluntary vision and life insurance.",Active 14 days ago,Unknown,2021-06-18 01:10:49.327596
QMA | Python Developer,https://indeed.com/rc/clk?jk=0adfdf7834070f4b&fccid=4144c0c6235e4037&vjs=3,Prudential,Newark NJ ,"4+ years of software development experience.
2+ years’ experience working with python programming language.
Your expertise in emerging trends and practices will…",30+ days ago,Unknown,2021-06-18 01:10:49.328592
"Staff DevOps Engineer, Azure, Remote",https://indeed.com/rc/clk?jk=e394633b23b3a383&fccid=432c7642003cc768&vjs=3,Beckman Coulter Diagnostics,New York NY ,The Beckman Coulter DxONE NextGen IOT platform is an enterprise software solution being developed using Azure IoT to provide secure remote monitoring and…,30+ days ago,Unknown,2021-06-18 01:10:49.329587
Full Stack Tech Lead,https://indeed.com/company/Nava/jobs/Full-Stack-Tech-Lead-2bb018b06c7d6039?fccid=f7bb51dd91332c14&vjs=3,Nava,New York NY,"Experience with SQL, relational databases, multi-tiered software development, and Web-based software development is a must.
AWS Kubernetes: 5 years (Preferred).",Active 3 days ago,"$130,000 - $149,997 a year",2021-06-18 01:10:49.897040
Software Development Director,https://indeed.com/company/Qrypt/jobs/Software-Development-Director-dbac2c6e85be2f7a?fccid=5d65ce8bcf926dee&vjs=3,Qrypt,New York NY ,"Work with managers to define training plans to grow engineers to meet Qrypt’s needs.
Fifteen or more years of relevant experience delivering software through…",30+ days ago,Unknown,2021-06-18 01:10:49.898077
,https://indeed.com/rc/clk?jk=b4c593551b906f7f&fccid=5bd99dfa21c8a490&vjs=3,Bank of America,Jersey City NJ ,"Typically requires 5-7 years of applicable experience.
DevOps Analyst is involved in the full life cycle of an application and part of an agile development…",1 day ago,Unknown,2021-06-18 01:10:49.899077
"Site Reliability Engineer - Opportunity for Working Remotely Newark, NJ",https://indeed.com/rc/clk?jk=ba6c2f2a545e4a6f&fccid=c762a27145bd166e&vjs=3,VMware Engineering,Newark NJ,"5 plus years of experience managing AWS infrastructure in a production environment.
5 plus years of experience with operations-based development.",30+ days ago,Unknown,2021-06-18 01:10:49.900074
UI Developer,https://indeed.com/rc/clk?jk=9753cd325d97970f&fccid=ee8dab0d2f612447&vjs=3,Saggezza,New York NY ,"We provide strategic and innovative consulting services focused on digital experiences, engineering, automation, data and analytics, and salesforce solutions.",30+ days ago,Unknown,2021-06-18 01:10:49.901071
Senior Backend Engineer,https://indeed.com/rc/clk?jk=b09f6c97ad48c82a&fccid=0f29339821e70a2c&vjs=3,Maven Clinic,New York NY,"Choice of great medical, dental, and vision insurance plan options, including a plan for which the premium for Mavens is 100% covered by Maven.",30+ days ago,Unknown,2021-06-18 01:10:49.902069
Senior Software Engineer - Kafka Platform Team (Remote),https://indeed.com/rc/clk?jk=6e71960be09b3e46&fccid=ade8cd847c0482cd&vjs=3,New Relic,New York NY ,"Strong written and oral communication skills.
Any experience in cloud operations or development with systems at scale would be a bonus.",30+ days ago,Unknown,2021-06-18 01:10:49.902069
Senior Software Engineer,https://indeed.com/rc/clk?jk=202a4b33c6c1f8b5&fccid=f095043a6d2edcfc&vjs=3,Parametric Portfolio Associates,New York NY,"Familiarity with GIT version control system.
As part of the core services team, the Senior Software Engineer will be responsible for the design/architecture and…",30+ days ago,Unknown,2021-06-18 01:10:49.903063
Director/VP of IoT and Software Engineering,https://indeed.com/rc/clk?jk=a7e76dae32b9099e&fccid=7ed911ca47636a6e&vjs=3,Perch Interactive,New York NY ,"Bachelor’s degree in software engineering or a similar discipline.
Hands-on software development of cross functional applications at the edge and in the cloud.",30+ days ago,Unknown,2021-06-18 01:10:49.904059
Quantitative Developer - Contractor,https://indeed.com/pagead/clk?mo=r&ad=-6NYlbfkN0DY0o1vBkDF7ijZdphmN8ZpJjzNfoJ8hIIfocg_Q3_4rrU9MZaBYUA84jeQrwLirkgFI9o7Z04rrXvfhTIJarDcE5K-61I4GaXZM4iTadI-0rBCU4nnEnDl3VqbaRsnAJ-W_gvopap1XHLDtd9ikqrZ2q0tW3uCj6kUfwQ6HhXtHOX9AC7BrcwTgGLn6GDhClhlmJYSYaWoqSmmh_xy7ocCD_Q7y4BM0Fzpjf84U5hr7ygHz_GciRPqie-vuZcJa7hyk5FjX7DmebKz4AzTkW1-wKTHOWRv7AbJ5RwdpGNf2zpmPeDC56fPDFb9PWtzHGHpKCoBa2cOkV74i-Ys3LMOoUwMqJFQ31EkLdPChdxSRvDnokwOexdyEC_HQ5uhARriB_92ezKPUxsK9q9IKXNh3dNGy4jvcnADZ4omckMCLmFgdRLhdEW1D6YguxrCPEsR01psG-I5OcC9bkwGEtVI03ono7kv8m3mJXEIVWnRrUYjIeSaCDxWVKtZnVQmyO6396WKeNtpWm90cdyc2f0HNGt-XVxXaMTh3tPJkwoicE5qnMxqtjxBBW80roCQgNARWM8XaVuOxOMjk1vaWIiJl9Uh_KFs5WUkZpSfoYRGG4edlfQT6EO6xBhbjuSTKNusw5iaJQSj_Q==&p=9&fvj=0&vjs=3,EY,United States,We currently have a contract opportunity for a Quantitative Developer to lend specific subject matter knowledge around Credit Valuation Adjustment (CVA) for…,27 days ago,Unknown,2021-06-18 01:10:49.905057
Devops Engineer,https://indeed.com/rc/clk?jk=3850bb0d4929d7ea&fccid=f880e1890fa18619&vjs=3,Axonius,New York NY,"Basic software engineering with a scripting language (e.g., Bash or Python), and related tooling for managing source code (e.g., Git/GitHub for version control)…",30+ days ago,Unknown,2021-06-18 01:10:49.906055
Senior Business Intelligence Engineer - Advertising,https://indeed.com/rc/clk?jk=462b254d0d891621&fccid=fe2d21eef233e94a&vjs=3,Amazon.com Services LLC,New York NY,"Experience with Python, R or other statistical/machine learning software.
Experience working in very large data warehouse environments.",30+ days ago,Unknown,2021-06-18 01:10:49.907053
Programmer Analysts,https://indeed.com/rc/clk?jk=c232d8cc8b225229&fccid=a0523b60f489562d&vjs=3,Eureka Infotech,Hicksville NY ,"EDUCATION REQUIREMENTS: Must have Master's degree or equivalent in Computer Science, Electr Engineering, Mechanical Engineering, or a related field (will accept…",30+ days ago,Unknown,2021-06-18 01:10:49.907053
"Forward Deployed Software Engineer, Health",https://indeed.com/rc/clk?jk=596c3996a9688b2b&fccid=255a9ede46e025c0&vjs=3,The Commons Project,New York NY,"Combination of software development and SI experience.
Delivering high quality software in-line with product and business requirements.",30+ days ago,Unknown,2021-06-18 01:10:49.908053
"Principal Android Engineer (LA, NYC, or Remote US)",https://indeed.com/rc/clk?jk=3ef2ecb8998539b3&fccid=bc832c51931d303b&vjs=3,Albert,New York NY,"5+ years of experience writing production Android software.
Collaborate with product managers and backend engineers on building new features.",30+ days ago,Unknown,2021-06-18 01:10:49.909047
Java / Scala Developer,https://indeed.com/rc/clk?jk=9d0da60ecc17c346&fccid=0c39fb2c91742dcf&vjs=3,Morgan Stanley,New York NY,"We are looking for a Full Stack / Java developer to design, implement and deploy testable, performant, scalable, flexible and resilient software that…",30+ days ago,Unknown,2021-06-18 01:10:51.050022
DevOps Engineer,https://indeed.com/rc/clk?jk=1326ffb40adbeea4&fccid=e6ac082831bf0db9&vjs=3,Sumitomo Mitsui Banking Corporation,New York NY ,"A practical understanding of the software development life cycle and iterative software development processes.
This is a high-impact DevOps opportunity.",30+ days ago,Unknown,2021-06-18 01:10:51.051008
Senior Java Developer,https://indeed.com/rc/clk?jk=cd308f2470c03cec&fccid=2ecf4575019bf07a&vjs=3,CEDENT,New York NY,"Must have demonstrated core java experience, ideally within an asset management firm; minimum of 6 years demonstrated experience.
Terms of Hire: Full Time.",12 days ago,Unknown,2021-06-18 01:10:51.052003
Site Reliability /DevOps Engineer,https://indeed.com/rc/clk?jk=fb098acb68ebaf96&fccid=ad3696bbd9c1d70b&vjs=3,GEP,Clark NJ ,"Create, manage, and maintain cloud infrastructure.
Plan, deploy, and maintain critical business applications in prod/non-prod cloud environments.",8 days ago,Unknown,2021-06-18 01:10:51.052999
Senior DevOps Engineer,https://indeed.com/rc/clk?jk=a42396f5001030c3&fccid=01ecd242334e53de&vjs=3,Kliger-Weiss Infosystems Inc,Greenvale NY ,"We span multiple public and private cloud regions, and we'll give you the chance to apply your comprehensive, in-depth knowledge of technical concepts,…",30+ days ago,Unknown,2021-06-18 01:10:51.053999
Sr. DevOps,https://indeed.com/rc/clk?jk=e625f41511a00b15&fccid=6420a34b522a3a4f&vjs=3,Unified,New York NY ,"Support engineering team with day to day infrastructure requests.
5 years working in a production Linux environment.",24 days ago,Unknown,2021-06-18 01:10:51.054994
AVP - Machine Learning Engineer,https://indeed.com/rc/clk?jk=72fa6883de3a2813&fccid=1392500f835bba92&vjs=3,BNP Paribas,New York NY,The software development engineer will working alongside developers and ML engineers to design innovative solutions and improve end-to-end software involving ML…,30+ days ago,Unknown,2021-06-18 01:10:51.054994
Lead Web Developer,https://indeed.com/rc/clk?jk=142924b1f6d7b3cc&fccid=7a1d2208bffeee71&vjs=3,DeSales Media Group,Brooklyn NY,"You have a repertoire of programming languages (beyond LAMP!) that can meet virtually any need in the digital world.
Familiar with version control and Git.",Active 15 days ago,Unknown,2021-06-18 01:10:51.055994
Principal Engineer,https://indeed.com/rc/clk?jk=e2c4b0bd810c48bb&fccid=02bd2bdda97deebf&vjs=3,Hearst Media Services,New York NY,"You have 5+ years of software engineering experience.
Participate in key software design, working directly with other engineers, the product team, devops, and…",30+ days ago,Unknown,2021-06-18 01:10:51.056989
Sr. Software Engineer - Backend,https://indeed.com/rc/clk?jk=c69e068fd51c3f08&fccid=8b7df3dbf2f8d602&vjs=3,605,New York NY,"At least 3 - 5 years of experience working as a software engineer.
Experienced in operationalizing and maintaining software.
Experience in NodeJS and Express.",30+ days ago,Unknown,2021-06-18 01:10:51.057987
Machine Learning Engineer,https://indeed.com/rc/clk?jk=ebcd5b61d212f71b&fccid=6a11e759331766de&vjs=3,Verneek,New York NY,"3+ years hands-on experience developing architectures with machine learning frameworks such as Tensorflow/PyTorch.
3+ years of experience with Python.",30+ days ago,Unknown,2021-06-18 01:10:51.058984
PHP full stack developer,https://indeed.com/pagead/clk?mo=r&ad=-6NYlbfkN0CUArUaiwnAwxj9hE7AQij3Xddk385Mf22YD9tQ6Wlg4UK1sAf6IRdOyGkwLBVzhwVb14dUEjPaUswnz7Nfg_L-647nECgTowKRMQ_o2zeXRHcbEI3mzzFErfvcwIAD_Gd1MEDVDHfZwuth5DEdCjJ95FQh-oIb7jClo1c7KAZF6ZSygLS2ME2HCfhWjYReajNHjZ-XS3-Vrz-CYtjzw39a2DzigaCwU8GZ5sy-0wJO2tLNHiH9pyRDQW8bfXpcz90egyT6iMaRNcWp65BSIQVa5Th4XGxPPRGW-cuV4ZoC-kVwhylefsLCCDNPNEyDilxUBEDHn98tm-5PL7rbnxVJkGIb6hFzf19X4bhyrVwVHGHg9VQ2P8iC_fFFCT9BlYceK6f6WJvbeL6jxX2E1vBMfPJhAJi4jzl72B91zizu09tDcPPegD1nj6T31Z89hfA5UX9BlVp8uIC6xUiy5G2FKnaFqeeBT8-9HUZLnvpaKar9UIILNN2lIowna3zmVI2VmnEkKml09pRr_k73fpnkLb-aYTEsonMWTmf--Bw0tnQtg_w_5uSaHh4VAcrc2IkH0XyTHQ_Q5OcbwAm_wtfIh6k7-h-ueES0WjJ7MQAw1Kp9fOvs3DUWwfBI6aX_M5bZgJenAnWzoN9YyPmobm5D2JCfcRw6kliygpYVwGyl8AAbwf3dv8cKsBJyTLkCNUDaQpO_n8L8IzwwJoP_8u_e_mGWWCW0-jBHf2vfFPljjqGbyg4ZSqxsi7ZQmNzIL7ccrXS1cXIIIgEZtb3dDhINuTIJf1UAhcy3QTaEtkfD0yReZi83zrNrqueQCxE-VIbjjP7QtbLMPSO6pD7TuIpRWGL0DYFUyeezfd-3KyppvtfcDeEleLBm0QDezt1I3VFy2ZxxqqtCnjVByW8NlAjJR4BJGzMJAxEm2vPqIUbOQ9uwmNgc6NgsPLa84lpWClAT-g_RNlrvJIW2G2zCGiggvaTV_is3e9c=&p=11&fvj=0&vjs=3,enkompas Technology Solutions,Whippany NJ,"Participate and contribute in the full project life cycle, including:
2-5 years PHP Full Stack experience with jQuery, JavaScriptis required.",20 days ago,Unknown,2021-06-18 01:10:51.059984
Information Technology 4 Developer IV,https://indeed.com/rc/clk?jk=e546fa58a3b2d513&fccid=1230acb7e56c6df5&vjs=3,Gannett,New York NY,"Work closely with project managers, product owners, development managers, developers, and other QE teammates.
A team member in this role will be expected to hit…",30+ days ago,Unknown,2021-06-18 01:10:51.059984
Site Reliability Engineer,https://indeed.com/rc/clk?jk=ed2206735ee79d61&fccid=9914773e4fc57fa1&vjs=3,"Sectigo, Inc.",Roseland NJ ,"Working knowledge of source control tools (SVN and Git preferred).
Experience with non-cloud infrastructure.
3+ years of software and/or operational experience…",30+ days ago,Unknown,2021-06-18 01:10:51.060979
Senior Automation Engineer,https://indeed.com/rc/clk?jk=553298083c847c26&fccid=daf36776d24bc580&vjs=3,Zeel,New York NY ,"Must have a solid understanding or experience of software engineering best practices.
Has experience with Agile (Scrum, Kanban, etc.) software development.",13 days ago,Unknown,2021-06-18 01:10:51.061978
VP-Java Software Engineer,https://indeed.com/rc/clk?jk=0c839d13712c9375&fccid=aaf3b433897ea465&vjs=3,"JPMorgan Chase Bank, N.A.",Jersey City NJ,"Experience in server side programming (Java 8 preferred, Java with C/C#/python is favorable).
Understanding of software skills such as business analysis,…",21 days ago,Unknown,2021-06-18 01:10:52.440202
Senior Quantitative Developer,https://indeed.com/rc/clk?jk=09ff856d4748e814&fccid=8887e5b75bc5ade9&vjs=3,MarketAxess,New York NY ,"Support Research innovation through the creative and aggressive experimentation of cutting-edge hardware, software, processes, procedures, and methods.",20 days ago,Unknown,2021-06-18 01:10:52.441185
Senior Android Engineer - Frontend Platform,https://indeed.com/rc/clk?jk=fd62306c160e85d2&fccid=12e41f7040f168e8&vjs=3,"Grubhub Holdings, Inc.",New York NY ,"A passion for automated testing, with real-world experience building software with high test coverage using dependency injection.",30+ days ago,Unknown,2021-06-18 01:10:52.442182
Engineering Manager - Audiences,https://indeed.com/rc/clk?jk=94d707e5475399a1&fccid=1fadbcea263f6714&vjs=3,Bluecore,New York NY ,"Excellent mentoring and review skills to help engineers make technical and career progress.
Experience building similar industry solutions preferred: especially…",30+ days ago,Unknown,2021-06-18 01:10:52.443190
Cloud Engineer,https://indeed.com/rc/clk?jk=3679cddd128d2734&fccid=4144c0c6235e4037&vjs=3,Prudential,Newark NJ ,"Familiar with ETL and big data tool-chains such as those provided by Hadoop/EMR, Glue, Spark, Impala, or similar.",30+ days ago,Unknown,2021-06-18 01:10:52.444183
Microsoft Azure Cloud Engineer,https://indeed.com/rc/clk?jk=3e7491a3afb08784&fccid=4144c0c6235e4037&vjs=3,Prudential,Newark NJ ,"Familiar with ETL and big data tool-chains such as those provided by Azure Databricks/HDInsight, Azure Data Factory, or similar.",8 days ago,Unknown,2021-06-18 01:10:52.444183
Full Stack Developer,https://indeed.com/rc/clk?jk=556800e475f61c08&fccid=1162628c10f33600&vjs=3,Forum Brands,New York NY,"Experience deploying software solutions using cloud platforms such as AWS.
Manage the complete software development process from conception to deployment.",30+ days ago,Unknown,2021-06-18 01:10:52.445173
"Senior Full Stack developer (Java/ROR) - Opportunity for Working Remotely Newark, NJ",https://indeed.com/rc/clk?jk=77ddc96510a0ef07&fccid=c762a27145bd166e&vjs=3,VMware Engineering,Newark NJ,"Strong software design and architectural skills in object-oriented and functional programming styles.
Experience with administration and software development on…",30+ days ago,Unknown,2021-06-18 01:10:52.446171
IoT & Digital Technology Release Manager,https://indeed.com/rc/clk?jk=d80594e41ee3b885&fccid=6ff64ca2c1146e61&vjs=3,Helen of Troy,New York NY,"Plan the release of project deliverables and release life cycle.
Deploying, automating, maintaining, and leading AWS cloud-based systems, to ensure the…",14 days ago,Unknown,2021-06-18 01:10:52.447167
Python Developer,https://indeed.com/pagead/clk?mo=r&ad=-6NYlbfkN0BKkHZu3wF05EeDimN_p6sYpKCMArvwa95YdH7UpkaBCobj99dZAfyuiCa1FgOPspQF6qIk6HkP8BcuIaznQuv9OGyuZVMMT4N0RZHuYWHFBLXq1pgk17OghW4PwOlZfXtdl8IIOMFCuThDtYnVST9O5VomkEjUSgSLDOKtVfg0U8FBqDj78OXsnz_fjLZXJ20dl4C2PJp_z7ozUV-xKRUhOCr9502k91sNpr4Qf-IuvUPHFmFFP9_hjp9sUSS8t5bxCwABmDqHOiaOu7RFtm0b9LRYIvuzwjLaKN05kJRd1XgFxZdIlPkKGO0wTidYCHt5OOGG5yS_iplYw1wdoWRlyi--xGlOcfEC8KMN3alj2YMKrXiMzMNPRmNt723CSmpFn57CMipkZRcpg31k9gAaCz8apamLWhOhKjlMjvhQP8rfjDM_hT7hUS81monFNs3-aP0a_ZFGTy7ffMYPFxztAjXDke1q87_4oT3JJK4qgA==&p=11&fvj=1&vjs=3,Insight Global,New Hyde Park NY,"Strong understanding of version control systems GITHUB and Jenkins.
They will work as part of the Agile team to analyze, design, develop, test, document, and…",10 days ago,"$95,000 - $120,000 a year",2021-06-18 01:10:52.448164
Sr. Full Stack Software Engineer,https://indeed.com/rc/clk?jk=0cf948220cc9990b&fccid=4144c0c6235e4037&vjs=3,Prudential,Newark NJ ,"Track record of contributions to open source software projects.
Hands on coding in technologies such as Java, Spring Boot, Node.js, Python, Flask, Javascript,…",30+ days ago,Unknown,2021-06-18 01:10:52.448164
"Lead Data Engineer, Game Data Pipeline",https://indeed.com/rc/clk?jk=e375fcf839fd66ca&fccid=5549c6b9723b4956&vjs=3,Rockstar Games,New York NY ,"This is a full-time permanent position based out of Rockstar's unique game development studio in Carlsbad, CA or our NYC studio in the heart of Manhattan.",30+ days ago,Unknown,2021-06-18 01:10:52.449174
Automation Engineer | Reference Data Services,https://indeed.com/company/Liquidnet/jobs/Automation-Engineer-Reference-Data-Service-b3fbb0ba460a177b?fccid=e26eb001a7dc8340&vjs=3,Liquidnet,New York NY,"5+ years of software quality assurance experience within sell-side Equity electronic trading.
Solid ability to thrive in a fast-paced, dynamic environment,…",30+ days ago,Unknown,2021-06-18 01:10:52.450168
Senior Site Reliability Engineer,https://indeed.com/rc/clk?jk=11ccb1bfc33b7658&fccid=0f29339821e70a2c&vjs=3,Maven Clinic,New York NY,"Choice of great medical, dental, and vision insurance plan options, including a plan for which the premium for Mavens is 100% covered by Maven.",30+ days ago,Unknown,2021-06-18 01:10:53.556077
DevOps Engineer - Remote,https://indeed.com/rc/clk?jk=9ee1372371fa8ba0&fccid=beed1e8c185c6c2f&vjs=3,Realogy Holdings Corp,Madison NJ ,"AWS skills – a big part of the plan for the next six months is to move more of our services into AWS.
You’re a highly motivated DevOps Engineer who will help…",30+ days ago,Unknown,2021-06-18 01:10:53.557061
Big Data Python Application Developer,https://indeed.com/rc/clk?jk=74bf2812c83bd2df&fccid=cba01270e96bb012&vjs=3,Tiger Analytics,New York NY,"An Engineer with 5+ years of experience and will ensure data quality, creation of new data pipelines, optimization and management of existing data pipelines,…",30+ days ago,Unknown,2021-06-18 01:10:53.558057
"Senior Developer, API Services",https://indeed.com/rc/clk?jk=53637e43f3d545f2&fccid=1230acb7e56c6df5&vjs=3,Gannett,New York NY,"At least 5 years' experience creating and maintaining software platforms and deployments.
Develop primarily in Golang (experience with Ruby, NodeJS, Python or…",30+ days ago,Unknown,2021-06-18 01:10:53.559055
Site Reliability Engineer,https://indeed.com/rc/clk?jk=225b8cb67dc39427&fccid=712e6782fca8a8e3&vjs=3,"Genesis Global Trading, Inc.",New York NY,"Genesis facilitates billions in trades, loans and transactions on a monthly basis, including over $45 billion in 2020.",13 days ago,Unknown,2021-06-18 01:10:53.560054
"Director, Cloud Engineer",https://indeed.com/rc/clk?jk=19eb166c4d1b125c&fccid=4144c0c6235e4037&vjs=3,Prudential,Newark NJ ,Experience using Git for source control management; strong understanding of various branching and merging strategies used in distributed software development…,30+ days ago,Unknown,2021-06-18 01:10:53.561051
,https://indeed.com/rc/clk?jk=d59aba84954bbaab&fccid=9bc477da0d01ed51&vjs=3,Intrado,New York NY,"Minimum 10-14 years’ experience with software engineering / software architecture is required.
Degree in computer science or comparable qualification and…",Today,Unknown,2021-06-18 01:10:53.562049
,https://indeed.com/rc/clk?jk=8fd0fda5978af4ee&fccid=7f7c8d4715e1afff&vjs=3,ActionIQ,New York NY,"Design and implement a plan to create a high-quality, scalable machine learning platform using either custom, self-hosted or managed services.",7 days ago,Unknown,2021-06-18 01:10:53.563045
Senior Back-End Engineer (Python/Django),https://indeed.com/rc/clk?jk=d8bee782992a4fa2&fccid=cfc64abd74389676&vjs=3,Canary Technologies,New York NY,"Experience using Docker and cloud technologies such as Amazon Web Services (AWS).
Provide creative ideas to improve our product and technology.",30+ days ago,Unknown,2021-06-18 01:10:53.563045
Lead Infrastructure Developer - VP,https://indeed.com/rc/clk?jk=7e6f979bf3191e4e&fccid=aaf3b433897ea465&vjs=3,"JPMorgan Chase Bank, N.A.",Jersey City NJ,"Advanced experience working with two or more from the following: database, cloud, unix/linux environments, containers, kubernetes, large scale software…",30+ days ago,Unknown,2021-06-18 01:10:53.564049
